Challenge,Department,Innovator,"City, Province or Territory",Province,Awarded amount (*Applicable taxes included),Award date,Phase,Amount_clean,Department_canon,Innovator_canon
Auto remediation of document accessibility issues,Employment and Social Development Canada (ESDC),Tradvo Inc.,"Kingston, ON",Ontario,"$149,605.75*",2024-08-23,1,149605.75,employment and social development,tradvo inc
Auto remediation of document accessibility issues,Employment and Social Development Canada (ESDC),Feedband Labs Inc.,"North York, ON",Ontario,"$149,849.58*",2024-08-24,1,149849.58,employment and social development,feedband labs inc
Auto remediation of document accessibility issues,Employment and Social Development Canada (ESDC),Integrity Co Solutions Inc.,"Vancouver, BC",British Columbia,"$146,625.00$*",2024-08-29,1,146625.0,employment and social development,integrity co solutions inc
Automated accessibility assessment tool,Employment and Social Development Canada (ESDC),Tradvo Inc.,"Kingston, ON",Ontario,"$149,778.40*",2024-07-09,1,149778.4,employment and social development,tradvo inc
Canadian Midstream Battery Materials,National Research Council of Canada,Dark Matter Materials Inc.,"Edmonton, AB",Alberta,"$200,000.00",2025-04-14,1,200000.0,national research council of,dark matter materials inc
Canadian Midstream Battery Materials,National Research Council of Canada,Volta Energy Inc.,"Toronto, ON",Ontario,"$162,262.00",2025-04-14,1,162262.0,national research council of,volta energy inc
Destruction of PFAS compounds in contaminated media,National Research Council of Canada,Vertex Environmental,"Kitchener, ON",Ontario,"$192,262.50",2025-03-26,1,192262.5,national research council of,vertex environmental
Destruction of PFAS compounds in contaminated media,National Research Council of Canada,Trium Environmental Inc.,"Calgary, AB",Alberta,"$200,000.00",2025-03-26,1,200000.0,national research council of,trium environmental inc
Destruction of PFAS compounds in contaminated media,National Research Council of Canada,Saltworks Technologies,"Richmond, BC",British Columbia,"$200,000.00",2025-03-26,1,200000.0,national research council of,saltworks technologies
Single-mode circuit quantum electrodynamics device for quantum sensing,"Innovation, Science and Economic Development Canada (ISED)",Nord Quantique Inc.,"Sherbrooke, QC",Quebec,"*$168,270.30",2024-01-10,1,,"innovation, science and economic development",nord quantique inc
Detection of food borne pathogenic bacteria using field deployable instruments,Canadian Food Inspection Agency (CFIA),Precision Biomonitoring Inc.,"Cambridge, ON",Ontario,"$149,645.73",2021-03-31,1,149645.73,canadian food inspection agency,precision biomonitoring inc
Detection of granulomas for tuberculosis surveillance,Canadian Food Inspection Agency (CFIA),Bioimaging Research Solutions Inc.,"Guelph, ON",Ontario,"$150,000.00",2022-01-17,1,150000.0,canadian food inspection agency,bioimaging research solutions inc
Detection of granulomas for tuberculosis surveillance,Canadian Food Inspection Agency (CFIA),Silk Way Services Inc.,"Toronto, ON",Ontario,"$150,000.00",2022-01-17,1,150000.0,canadian food inspection agency,silk way services inc
Environmental domoic acid test,Canadian Food Inspection Agency (CFIA),Sensoreal Inc.,"Montreal, QC",Quebec,"$150,000.00",2022-01-17,1,150000.0,canadian food inspection agency,sensoreal inc
Environmental domoic acid test,Canadian Food Inspection Agency (CFIA),Cytodiagnostics Inc.,"Burlington, ON",Ontario,"$150,000.00",2022-01-17,1,150000.0,canadian food inspection agency,cytodiagnostics inc
Field-ready lateral flow test for avian influenza,Canadian Food Inspection Agency (CFIA),Keystone Labs Inc.,"Edmonton, AB",Alberta,"$150,000.00",2024-03-31,1,150000.0,canadian food inspection agency,keystone labs inc
Field-ready lateral flow test for avian influenza,Canadian Food Inspection Agency (CFIA),11281232 Canada Inc.,"Toronto, ON",Ontario,"$150,000.00",2024-03-31,1,150000.0,canadian food inspection agency,11281232 canada inc
Innovative phytosanitary treatment options for control of quarantine plant pests,Canadian Food Inspection Agency (CFIA),iFood Packaging Systems Corp.,"Summerland, B.C.",British Columbia,"$150,000.00",2021-08-04,1,150000.0,canadian food inspection agency,ifood packaging systems corp
Low-carbon construction materials,"Innovation, Science and Economic Development Canada (ISED)",Ekstera Inc.,"Toronto, ON",Ontario,"$150,000.00",2024-09-20,1,150000.0,"innovation, science and economic development",ekstera inc
Low-carbon construction materials,"Innovation, Science and Economic Development Canada (ISED)",CarbiCrete Inc.,"Lachine, QC",Quebec,"$150,000.00",2024-09-20,1,150000.0,"innovation, science and economic development",carbicrete inc
Bioreactor for Bio-printed Hollow Tube Blood Vessel Structures,National Research Council of Canada,MOC Bio Technologies Inc.,"Dartmouth, NS",Nova Scotia,"$169,050.79*",2024-08-08,1,169050.79,national research council of,moc bio technologies inc
Optical fiber sensor interrogator,National Research Council of Canada,LxNGen Inc.,"Saint Lazare, QC",Quebec,"$164,675.89 *",2024-06-28,1,164675.89,national research council of,lxngen inc
Optical fiber sensor interrogator,National Research Council of Canada,O/E Land Inc.,"Lasalle, QC",Quebec,"$169,205.88 *",2024-07-12,1,169205.88,national research council of,o/e land inc
Aerosol particle charge conditioner,National Research Council of Canada,Atmose Ltd.,"Edmonton, AB",Alberta,"$169,137.93 *",2023-12-03,1,169137.93,national research council of,atmose ltd
Aerosol particle charge conditioner,National Research Council of Canada,Amtech Aeronautical Limited,"Medicine Hat, AB",Alberta,"$169,048.00 *",2023-12-07,1,169048.0,national research council of,amtech aeronautical ltd
Bioreactor for 3D bioprinted vessels,National Research Council of Canada,VascuBio Innovation Inc.,"North York, ON",Ontario,"$169,050.79 *",2024-05-13,1,169050.79,national research council of,vascubio innovation inc
Quantum Imaging,Department of National Defence,Q Block Computing Inc.,"Edmonton, AB",Alberta,"$149,800.00",2024-05-27,1,149800.0,department of national defence,q block computing inc
Quantum Imaging,Department of National Defense,Single Quantum Systems Inc.,"Kitchener, ON",Ontario,"$149,999.50",2024-05-31,1,149999.5,department of national defense,single quantum systems inc
Low-carbon construction materials,Natiocal Research Council Canada,Plascon Plastics Corporation,"Delta, BC",British Columbia,"$150,000.00",2024-03-29,1,150000.0,natiocal research council,plascon plastics corp
Low-carbon construction materials,National Research Council Canada,Facca Inc.,"Ruscom, ON",Ontario,"$150,000.00",2024-03-29,1,150000.0,national research council,facca inc
Improving the collection and/or sorting of plastic film and flexible packaging,Environment and Climate Change Canada,Sparta Manufacturing Inc.,"Notre-Dame, NB",New Brunswick,"$150,000.00",2024-03-29,1,150000.0,environment and climate change,sparta manufacturing inc
Improving the collection and/or sorting of plastic film and flexible packaging,Environment and Climate Change Canada,MLVX Technologies Inc.,"Vancouver, BC",British Columbia,"$150,000.00",2024-03-29,1,150000.0,environment and climate change,mlvx technologies inc
Improving the collection and/or sorting of plastic film and flexible packaging,Environment and Climate Change Canada,Vitacore Industries Inc.,"Port Coquitlam, BC",British Columbia,"$150,000.00",2024-03-29,1,150000.0,environment and climate change,vitacore industries inc
Advancing Reuse to Replace Single-Use Plastics,Environment and Climate Change Canada,Allix Industries Inc.,"Carignan, QC",Quebec,"$150,000.00",2024-03-29,1,150000.0,environment and climate change,allix industries inc
Advancing Reuse to Replace Single-Use Plastics,Environment and Climate Change Canada,Circulr Inc.,"Toronto, ON",Ontario,"$98,672.00",2024-03-29,1,98672.0,environment and climate change,circulr inc
Advancing Reuse to Replace Single-Use Plastics,Environment and Climate Change Canada,Drinkfill Beverages ltd,"Vancouver, BC",British Columbia,"$150,000.00",2024-03-29,1,150000.0,environment and climate change,drinkfill beverages ltd
Advancing Reuse to Replace Single-Use Plastics,Environment and Climate Change Canada,Forpheno Tech Inc.,"Maple Ridge, BC",British Columbia,"$149,815.00",2024-03-29,1,149815.0,environment and climate change,forpheno tech inc
Advancing Reuse to Replace Single-Use Plastics,Environment and Climate Change Canada,Les emballages PickPack,"Granby, QC",Quebec,"$97,750.00",2024-03-29,1,97750.0,environment and climate change,les emballages pickpack
Advancing Reuse to Replace Single-Use Plastics,Environment and Climate Change Canada,"GeneBio Systems, Inc.","Oakville, ON",Ontario,"$150,000.00",2024-03-29,1,150000.0,environment and climate change,"genebio systems, inc"
Bi-Directional Electric Vehicle Charging Solution,Public Services and Procurement Canada,FUTURi Power Inc. (formerly Hexagon Power Technologies Inc.),"Vancouver, BC",British Columbia,"$173,151.75*",2024-03-29,1,173151.75,public services and procurement,futuri power inc. (formerly hexagon power technologies inc.)
Bi-Directional Electric Vehicle Charging Solution,Public Services and Procurement Canada,CA Hybrid Inc.,"North York, ON",Ontario,"$170,558.03*",2024-03-29,1,170558.03,public services and procurement,ca hybrid inc
Stabilization of Quantum Measurements,National Research Council,Ki3 Photonics Technologies Inc,"Montreal, QC",Quebec,"$172,407.07",2023-04-19,1,172407.07,national research council,ki3 photonics technologies inc
Stabilization of Quantum Measurements,National Research Council,Q-Block Computing Inc.,"Kitchener, ON",Ontario,"$166,562",2023-04-03,1,166562.0,national research council,q-block computing inc
Hyper-Spectral Sensing with Intense Ultrafast Laser Fields,National Research Council,few-cycle Inc.,"Varennes, QC",Quebec,"$176,101.13",2022-01-13,1,176101.13,national research council,few-cycle inc
High-resolution Forest Mapping,Natural Resources Canada (NRCan),Hatfield Consultants Ltd.,"Vancouver, BC",British Columbia,"$149,647.00",2023-03-31,1,149647.0,natural resources,hatfield consultants ltd
Detecting concussions using objective indicators,Public Health Agency of Canada (PHAC),Health Tech Connex Inc.,"Surrey, BC",British Columbia,"$150,000.00",2023-03-31,1,150000.0,public health agency of,health tech connex inc
Detecting concussions using objective indicators,Public Health Agency of Canada (PHAC),Ekidna Sensing Inc.,"Ottawa, ON",Ontario,"$150,000.00",2023-03-31,1,150000.0,public health agency of,ekidna sensing inc
Detecting concussions using objective indicators,Public Health Agency of Canada (PHAC),Les jeux Aleo inc.,"Montréal, QC",Quebec,"$150,000.00",2023-03-31,1,150000.0,public health agency of,les jeux aleo inc
High-resolution Forest Mapping,Natural Resources Canada (NRCan),Forsite Consultants Ltd.,"Salmon Arm, BC",British Columbia,"$149,968.50",2023-03-28,1,149968.5,natural resources,forsite consultants ltd
Cost and Waste Reduction of Tree Planting,Natural Resources Canada (NRCan),11712381 Canada Corporation (Swap Robotics),"Kitchener, ON",Ontario,"$150,000.00",2023-03-23,1,150000.0,natural resources,11712381 canada corp (swap robotics)
Cost and Waste Reduction of Tree Planting,Natural Resources Canada (NRCan),Enviroluv Inc.,"Huntsville, ON",Ontario,"$73,420.00",2023-03-23,1,73420.0,natural resources,enviroluv inc
Hyper-Spectral Sensing with Intense Ultrafast Laser Fields,National Research Council Canada (NRC),few-cycle Inc.,"Varennes, QC",Quebec,"$120,614.72",2023-03-23,1,120614.72,national research council,few-cycle inc
Plastics Challenge: Mitigating the release of microplastics from tire wear,Environment and Climate Change Canada (ECCC),Applied Quantum Materials Inc.,"Edmonton, AB",Alberta,"$150,000.00",2023-03-13,1,150000.0,environment and climate change,applied quantum materials inc
Plastics Challenge: Mitigating the release of microplastics from tire wear,Environment and Climate Change Canada (ECCC),Nova Graphene Canada,"Dartmouth, NS",Nova Scotia,"$148,412.00",2023-03-13,1,148412.0,environment and climate change,nova graphene canada
Plastics Challenge: Mitigating the release of microplastics from tire wear,Environment and Climate Change Canada (ECCC),Stema Punch and Die Inc.,"Cambridge, ON",Ontario,"$150,000.00",2023-03-13,1,150000.0,environment and climate change,stema punch and die inc
Platform Corrosion Detection and Prevention,Department of National Defence (DND),Graphene Leaders Canada Inc,"Edmonton, AB",Alberta,"$209,508.77*",2023-01-25,1,209508.77,department of national defence,graphene leaders canada inc
Respiratory disease therapeutics,National Research Council Canada (NRC),PharmaPlanter,"Burnaby, BC",British Columbia,"$150,000.00",2023-01-24,1,150000.0,national research council,pharmaplanter
Respiratory disease therapeutics,National Research Council Canada (NRC),Tetra Bio-Pharma Inc.,"Ottawa, ON",Ontario,"$149,180.00",2023-01-24,1,149180.0,national research council,tetra bio-pharma inc
Respiratory disease therapeutics,National Research Council Canada (NRC),Canurta Inc.,"Mississauga, ON",Ontario,"$150,000.00",2023-01-24,1,150000.0,national research council,canurta inc
Quantum Computing-as-a-Service,"Innovation, Science and Economic Development Canada (ISED)",Resonance,"Toronto, ON",Ontario,"$169,149.70",2022-12-22,1,169149.7,"innovation, science and economic development",resonance
Quantum Computing-as-a-Service,"Innovation, Science and Economic Development Canada (ISED)",CogniFrame Inc.,"Toronto, ON",Ontario,"$169,500.00",2022-12-16,1,169500.0,"innovation, science and economic development",cogniframe inc
Plastics challenge: E-waste,Shared Services Canada (SSC),Excir Works Corp.,"Calgary, AB",Alberta,"$157,409.00",2022-12-01,1,157409.0,shared services,excir works corp
Plastics challenge: E-waste,Shared Services Canada (SSC),GreeNovel Inc.,"Saint-Constant, QC",Quebec,"$166,979.86",2022-10-26,1,166979.86,shared services,greenovel inc
Enhancing Automation in Controlled Environment Agriculture Farming,Agriculture and Agri-Food Canada (AAFC),Smart pix Robotics Inc.,Guelph. ON,Ontario,"$150,000.00",2022-09-07,1,150000.0,agriculture and agri-food,smart pix robotics inc
Enhancing Automation in Controlled Environment Agriculture Farming,Agriculture and Agri-Food Canada (AAFC),Circulus Agtech Solutions Inc.,"Montreal, QC",Quebec,"$150,000.00",2022-09-07,1,150000.0,agriculture and agri-food,circulus agtech solutions inc
Canadian meat processing technology development challenge,Agriculture and Agri-Food Canada (AAFC),E.O.I Technologies Inc.,"Calgary, AB",Alberta,"$150,000.00",2022-08-29,1,150000.0,agriculture and agri-food,e.o.i technologies inc
Enhancing Automation in Controlled Environment Agriculture Farming,Agriculture and Agri-Food Canada (AAFC),Sinopa Energy Inc.,"Chatham, ON",Ontario,"$150,000.00",2022-08-29,1,150000.0,agriculture and agri-food,sinopa energy inc
Enhancing Automation in Controlled Environment Agriculture Farming,Agriculture and Agri-Food Canada (AAFC),Truly Northern Inc.,"Chelmsford, ON",Ontario,"$150,000.00",2022-08-29,1,150000.0,agriculture and agri-food,truly northern inc
Enhancing Automation in Controlled Environment Agriculture Farming,Agriculture and Agri-Food Canada (AAFC),Mycionics Inc.,"Putnam, ON",Ontario,"$150,000.00",2022-08-29,1,150000.0,agriculture and agri-food,mycionics inc
Enhancing Automation in Controlled Environment Agriculture Farming,Agriculture and Agri-Food Canada (AAFC),GWS Vertical Farms Inc.,Richmond Hill. ON,Ontario,"$150,000.00",2022-08-29,1,150000.0,agriculture and agri-food,gws vertical farms inc
Enhancing Automation in Controlled Environment Agriculture Farming,Agriculture and Agri-Food Canada (AAFC),Exonetik Inc.,"Sherbrooke, QC",Quebec,"$150,000.00",2022-08-29,1,150000.0,agriculture and agri-food,exonetik inc
Enhancing Automation in Controlled Environment Agriculture Farming,Agriculture and Agri-Food Canada (AAFC),STRATUSCENT INC.,"Montreal, QC",Quebec,"$150,000.00",2022-08-29,1,150000.0,agriculture and agri-food,stratuscent inc
Enhancing Automation in Controlled Environment Agriculture Farming,Agriculture and Agri-Food Canada (AAFC),Kinova Inc,"Boisbriand, QC",Quebec,"$150,000.00",2022-08-29,1,150000.0,agriculture and agri-food,kinova inc
Plastics challenge: Recycled plastic ceiling tiles,Global Affairs Canada (GAC),Pliteq Inc.,"Vaughan, ON",Ontario,"$169,025.72",2022-04-21,1,169025.72,global affairs,pliteq inc
Advanced Decision Support for First Responder Command and Control,Department of National Defence (DND),Chaac Technologies Inc,"Montreal, QC",Quebec,"$228,006.92*",2022-04-13,1,228006.92,department of national defence,chaac technologies inc
Modernization of handcuffs,Royal Canadian Mounted Police (RCMP),Trido Industries Inc.,"Calgary, AB",Alberta,"$169,498.42",2022-03-31,1,169498.42,royal canadian mounted police,trido industries inc
Modernization of handcuffs,Royal Canadian Mounted Police (RCMP),BPE Technologies Inc.,"Ottawa, ON",Ontario,"$152,745.49",2022-03-31,1,152745.49,royal canadian mounted police,bpe technologies inc
Modernization of handcuffs,Royal Canadian Mounted Police (RCMP),Canada VFD CORP,"Ottawa, ON",Ontario,"$157,673.42",2022-03-31,1,157673.42,royal canadian mounted police,canada vfd corp
Modernization of handcuffs,Royal Canadian Mounted Police (RCMP),Les Industries Sautech Inc.,"Boisbriand, QC",Quebec,"$160,898.04",2022-03-31,1,160898.04,royal canadian mounted police,les industries sautech inc
COVID-19: High Performance Low Cost Detection of Biomarkers,National Research Council Canada (NRC),Response Biomedical Corporation,"Vancouver, BC",British Columbia,"$300,000.00",2022-03-28,1,300000.0,national research council,response biomedical corp
COVID-19: Made-in-Canada compostable elastomeric materials for medical glove manufacturing,National Research Council Canada (NRC),5R Enabler Designs and Operations Inc,"Vancouver, BC",British Columbia,"$283,406.00",2022-03-28,1,283406.0,national research council,5r enabler designs and operations inc
COVID-19: Made-in-Canada compostable elastomeric materials for medical glove manufacturing,National Research Council Canada (NRC),FEED Engineering Inc.,"Vancouver, BC",British Columbia,"$300,000.00",2022-03-28,1,300000.0,national research council,feed engineering inc
COVID-19 Challenge: Reducing Airborne Transmission of Respiratory Viruses in Buildings Lacking a Mechanical Ventilation System,National Research Council Canada (NRC),AeroContain Technologies Inc.,"Richmond, BC",British Columbia,"$150,000.00",2022-03-28,1,150000.0,national research council,aerocontain technologies inc
COVID-19: High Performance Low Cost Detection of Biomarkers,National Research Council Canada (NRC),Vital Biosciences Inc.,"Mississauga, ON",Ontario,"$300,000.00",2022-03-28,1,300000.0,national research council,vital biosciences inc
COVID-19: Transparent medical grade mask,National Research Council Canada (NRC),Plasmagear Inc.,"Montreal, QC",Quebec,"$150,000.00",2022-03-28,1,150000.0,national research council,plasmagear inc
COVID-19 Challenge: Reducing Airborne Transmission of Respiratory Viruses in Buildings Lacking a Mechanical Ventilation System,National Research Council Canada (NRC),One Lightwave Mfg.,"Hopewell Hill, NB",New Brunswick,"$146,865.00",2022-03-21,1,146865.0,national research council,one lightwave mfg
COVID-19 Challenge: Reducing Airborne Transmission of Respiratory Viruses in Buildings Lacking a Mechanical Ventilation System,National Research Council Canada (NRC),Solutions Avancées,"Lasalle, QC",Quebec,"$150,000.00",2022-03-21,1,150000.0,national research council,solutions avancées
COVID-19: Solutions to Reducing Airborne Hazards in Ground Public Transportation,National Research Council Canada (NRC),Sanozone Technologies Incorporated,"Regina, SK",Saskatchewan,"$133,110.00",2022-03-15,1,133110.0,national research council,sanozone technologies incorporated
Turning pixels into data: Imaging for accessibility,Public Services and Procurement Canada (PSPC),MLAnalytix,"Toronto, ON",Ontario,"$172,397.62",2022-03-02,1,172397.62,public services and procurement,mlanalytix
COVID-19: Solutions to Reducing Airborne Hazards in Ground Public Transportation,National Research Council Canada (NRC),Acuva,"Burnaby, BC",British Columbia,"$150,000.00",2022-03-01,1,150000.0,national research council,acuva
Inclusive Respirator,Royal Canadian Mounted Police (RCMP),Win-Shield Medical Devices Inc.,"Winnipeg, MB",Manitoba,"$166,777.73",2022-02-09,1,166777.73,royal canadian mounted police,win-shield medical devices inc
Inclusive Respirator,Royal Canadian Mounted Police (RCMP),Brash Product Development Inc.,"Ottawa, ON",Ontario,"$164,603.71",2022-02-08,1,164603.71,royal canadian mounted police,brash product development inc
Inclusive Respirator,Royal Canadian Mounted Police (RCMP),Bornea Dynamics Limted,"Hamilton, ON",Ontario,"$169,235.74",2022-02-08,1,169235.74,royal canadian mounted police,bornea dynamics limted
Inclusive Respirator,Royal Canadian Mounted Police (RCMP),HumanSystems Incorporated,"Guelph, ON",Ontario,"$168,367.80",2022-01-31,1,168367.8,royal canadian mounted police,humansystems incorporated
Turning pixels into data: Imaging for accessibility,Public Services and Procurement Canada (PSPC),Xtract Technologies Inc.,"Vancouver, BC",British Columbia,"$171,497.94",2022-01-13,1,171497.94,public services and procurement,xtract technologies inc
COVID-19: Transparent medical grade mask,National Research Council Canada (NRC),Vision Composites Inc.,"Vancouver, BC",British Columbia,"$150,000.00",2022-01-10,1,150000.0,national research council,vision composites inc
Turning pixels into data: Imaging for accessibility,Public Services and Procurement Canada (PSPC),SageTea inc.,"Ottawa, ON",Ontario,"$171,622.49",2022-01-06,1,171622.49,public services and procurement,sagetea inc
COVID-19: Solutions to Reducing Airborne Hazards in Ground Public Transportation,National Research Council Canada (NRC),Plasmagear,"Montreal, QC",Quebec,"$150,000.00",2022-01-04,1,150000.0,national research council,plasmagear
Stable Liposomes as Drug Carriers,National Research Council Canada (NRC),Integrated Nanotherapeutics Inc.,"Vancouver, BC",British Columbia,"$157,500.00*",2021-11-15,1,157500.0,national research council,integrated nanotherapeutics inc
Stable Liposomes as Drug Carriers,National Research Council Canada (NRC),Precision NanoSystems Inc.,"Vancouver, BC",British Columbia,"$157,500.00*",2021-11-15,1,157500.0,national research council,precision nanosystems inc
Digital navigation matching tool for federal programs and services,Indigenous Services Canada (ISC),RedPath Technology Corporation,"Calgary, AB",Alberta,"$157,500.00*",2021-11-10,1,157500.0,indigenous services,redpath technology corp
Digital navigation matching tool for federal programs and services,Indigenous Services Canada (ISC),FoxWise Technologies Inc.,"Kanata, ON",Ontario,"$169,358.75*",2021-11-10,1,169358.75,indigenous services,foxwise technologies inc
Canadian Coastal Zone Information System,Public Services and Procurement Canada (PSPC),Asix Solutions Inc. (formerly Minerva Intelligence Inc.),"Vancouver, BC",British Columbia,"$155,514.68",2021-11-05,1,155514.68,public services and procurement,asix solutions inc. (formerly minerva intelligence inc.)
Digital navigation matching tool for federal programs and services,Indigenous Services Canada (ISC),Tribal Wi-Chi-Way-Win Capital Corporation,"Winnipeg, MB",Manitoba,"$157,500.00*",2021-11-01,1,157500.0,indigenous services,tribal wi-chi-way-win capital corp
Digital navigation matching tool for federal programs and services,Indigenous Services Canada (ISC),VERSATIL BPI INC.,"Gatineau, QC",Quebec,"$172,457.18*",2021-11-01,1,172457.18,indigenous services,versatil bpi inc
Canadian Coastal Zone Information System,Public Services and Procurement Canada (PSPC),Westcoast Oceanography Ltd,"Saanichton, BC",British Columbia,"$167,989.91",2021-10-28,1,167989.91,public services and procurement,westcoast oceanography ltd
Canadian Coastal Zone Information System,Public Services and Procurement Canada (PSPC),CBCL Limited,"Halifax, NS",Nova Scotia,"$171,919.25",2021-10-28,1,171919.25,public services and procurement,cbcl ltd
COVID-19: Development of a portable detection device for SARS-CoV-2 in wastewater,National Research Council Canada (NRC),LuminUltra Technologies Ltd.,"Fredericton, NB",New Brunswick,"$150,000.00",2021-10-18,1,150000.0,national research council,luminultra technologies ltd
COVID-19: Development of a portable detection device for SARS-CoV-2 in wastewater,National Research Council Canada (NRC),Ecoli Sense,"Oakville, ON",Ontario,"$148,725.00",2021-10-18,1,148725.0,national research council,ecoli sense
COVID-19: Development of a portable detection device for SARS-CoV-2 in wastewater,National Research Council Canada (NRC),Zentek Ltd.,"Guelph, ON",Ontario,"$148,000.00",2021-10-18,1,148000.0,national research council,zentek ltd
Canadian meat processing technology development challenge,Agriculture and Agri-Food Canada (AAFC),mode40 ltd.,"Mitchell, MB",Manitoba,"$150,000.00",2021-09-16,1,150000.0,agriculture and agri-food,mode40 ltd
Canadian meat processing technology development challenge,Agriculture and Agri-Food Canada (AAFC),POSS Design Limited,"Oakville, ON",Ontario,"$150,000.00",2021-09-16,1,150000.0,agriculture and agri-food,poss design ltd
Canadian meat processing technology development challenge,Agriculture and Agri-Food Canada (AAFC),Exonetik Inc.,"Sherbrooke, QC",Quebec,"$150,000.00",2021-09-16,1,150000.0,agriculture and agri-food,exonetik inc
Plastics challenge: Filtration of microplastics in ship greywater,Transport Canada (TC),Technologie Hoola One Inc.,"Québec City, QC",Quebec,"$150,000.00",2021-08-01,1,150000.0,transport,technologie hoola one inc
Protecting the Southern Resident Killer Whale: Reducing Underwater Noise from Escort Tugs,Transport Canada (TC),BPE Technologies,"Ottawa, ON",Ontario,"$149,800.00",2021-07-14,1,149800.0,transport,bpe technologies
Photonic detection beyond single photons – Innovative Solutions Canada,National Research Council Canada (NRC),Xanadu Quantum Technologies Inc.,"Toronto, ON",Ontario,"$166,748.88*",2021-07-07,1,166748.88,national research council,xanadu quantum technologies inc
Development of quiet depth finder technology,Transport Canada (TC),Envisioning Labs.,"Vancouver, BC",British Columbia,"$150,000.00",2021-06-15,1,150000.0,transport,envisioning labs
Protecting the Southern Resident Killer Whale: Reducing Underwater Noise from Escort Tugs,Transport Canada (TC),Robert Allan Ltd.,"Vancouver, BC",British Columbia,"$150,000.00",2021-06-15,1,150000.0,transport,robert allan ltd
AI Software for Photonics Semiconductor Fabrication – Innovative Solutions Canada,National Research Council Canada (NRC),Mastrin Digital Solutions Ltd.,"Calgary, AB",Alberta,"$157,406.00*",2021-06-10,1,157406.0,national research council,mastrin digital solutions ltd
Plastics challenge: Filtration of microplastics in ship greywater,Transport Canada (TC),BC Research Inc.,"Richmond, BC",British Columbia,"$150,000.00",2021-06-09,1,150000.0,transport,bc research inc
Plastics challenge: In-situ sensing technology for monitoring microplastics in the marine environment – Innovative Solutions Canada,National Research Council Canada (NRC),Ocean Diagnostics Inc.,"Victoria, BC",British Columbia,"$167,702.98*",2021-05-28,1,167702.98,national research council,ocean diagnostics inc
The Alternate Format Business Technology Challenge,Employment and Social Development Canada (ESDC),1250468 B.C. Ltd.,"Langford, BC",British Columbia,"$145,155.94*",2021-05-28,1,145155.94,employment and social development,1250468 b.c. ltd
Detection System For Wireless Communication,Correctional Services of Canada (CSC),Applied Mind Inc.,"Ottawa, ON",Ontario,"$144,549.06*",2021-05-25,1,144549.06,correctional services of,applied mind inc
COVID-19: Compostable disposable surgical masks and compostable disposable respirators used in the Canadian healthcare system,National Research Council Canada (NRC),Precision ADM.,"Winnipeg, MB",Manitoba,"$300,000.00",2021-04-30,1,300000.0,national research council,precision adm
COVID-19 Challenge: Point of Care and Home Diagnostic Kit for COVID-19,"Public Health Agency of Canada (PHAC), National Research Council Canada (NRC)",Nicoya Lifesciences Inc.,"Kitchener, ON",Ontario,"$299,190.00",2021-04-30,1,299190.0,"public health agency of , national research council",nicoya lifesciences inc
COVID-19 challenge: Low-cost sensor system for COVID-19 patient monitoring,National Research Council Canada (NRC),Braebon Medical Corporation,"Kanata, ON",Ontario,"$282,244.00",2021-04-30,1,282244.0,national research council,braebon medical corp
COVID-19 Challenge: Point of Care and Home Diagnostic Kit for COVID-19,"Public Health Agency of Canada (PHAC), National Research Council Canada (NRC)",Deep Biologics Inc.,"Guelph, ON",Ontario,"$300,000.00",2021-04-30,1,300000.0,"public health agency of , national research council",deep biologics inc
COVID-19: Recycling technologies for disposable (single-use) Personal Protective Equipment (PPE) used in healthcare sector,National Research Council Canada (NRC),Terragon Environmental Technologies Inc.,"Montreal, QC",Quebec,"$300,000.00",2021-04-29,1,300000.0,national research council,terragon environmental technologies inc
Plastics challenge: In-situ sensing technology for monitoring microplastics in the marine environment – Innovative Solutions Canada,National Research Council Canada (NRC),Photon Etc. Inc.,"Montreal, QC",Quebec,"$172,113.20*",2021-04-27,1,172113.2,national research council,photon etc. inc
Eco-friendly Waste Converter,Global Affairs Canada (GAC),ReGenerate Biogas Inc.,"Peterborough, ON",Ontario,"$168,150.94*",2021-04-16,1,168150.94,global affairs,regenerate biogas inc
Eco-friendly Waste Converter,Global Affairs Canada (GAC),Terragon Environmental Technologies Inc.,"Montreal, QC",Quebec,"$172,462.50*",2021-04-16,1,172462.5,global affairs,terragon environmental technologies inc
Outdoor Air Purifier,Global Affairs Canada (GAC),Kaeras Inc.,"Calgary, AB",Alberta,"$155,661.57*",2021-04-15,1,155661.57,global affairs,kaeras inc
AI Software for Photonics Semiconductor Fabrication – Innovative Solutions Canada,National Research Council Canada (NRC),CircuitMind Inc.,"Toronto, ON",Ontario,"$169,457.95*",2021-04-13,1,169457.95,national research council,circuitmind inc
Outdoor Air Purifier,Global Affairs Canada (GAC),Meaglow Ltd.,"Thunder Bay, ON",Ontario,"$92,864.57*",2021-04-08,1,92864.57,global affairs,meaglow ltd
Foot-and-mouth disease vaccine matching,Canadian Food Inspection Agency (CFIA),Shaddari Inc.,"Montreal, QC",Quebec,"$114,918.97*",2021-04-01,1,114918.97,canadian food inspection agency,shaddari inc
Ultra-Long-Range Wireless Backhaul,"Innovation, Science and Economic Development Canada (ISED)",6Harmonics Inc.,"Nepean, ON",Ontario,"$130,000.00",2021-03-31,1,130000.0,"innovation, science and economic development",6harmonics inc
Ultra-Long-Range Wireless Backhaul,"Innovation, Science and Economic Development Canada (ISED)",Avateq Corp.,"Markham, ON",Ontario,"$130,000.00",2021-03-31,1,130000.0,"innovation, science and economic development",avateq corp
Ultra-Long-Range Wireless Backhaul,"Innovation, Science and Economic Development Canada (ISED)",Aviat Networks (formerly Redline Communications Group Inc.,"Markham, ON",Ontario,"$130,000.00",2021-03-31,1,130000.0,"innovation, science and economic development",aviat networks (formerly redline communications group inc
Outdoor Air Purifier,Global Affairs Canada (GAC),Dowclear Inc.,"Manotick, ON",Ontario,"$169,777.17*",2021-03-31,1,169777.17,global affairs,dowclear inc
Energy Producing Window Coverings,Global Affairs Canada (GAC),Morgan Solar Inc.,"Toronto, ON",Ontario,"$113,000.00*",2021-03-12,1,113000.0,global affairs,morgan solar inc
Nanocomposite Fabrics Production System – Innovative Solutions Canada,National Research Council Canada (NRC),Nano NB Corp.,"Waasis, NB",New Brunswick,"$170,569.62*",2021-01-25,1,170569.62,national research council,nano nb corp
Energy Producing Window Coverings,Global Affairs Canada (GAC),OCI Vacuum Microengineering Inc.,"London, ON",Ontario,"$112,996.27*",2021-01-08,1,112996.27,global affairs,oci vacuum microengineering inc
Plastics challenge: Textiles and microfibers,Environment and Climate Change Canada (ECCC),Singular Solutions Inc.,"North York, ON",Ontario,"$150,000.00",2020-12-23,1,150000.0,environment and climate change,singular solutions inc
Nanocomposite Fabrics Production System – Innovative Solutions Canada,National Research Council Canada (NRC),Integran Technologies Inc.,"Mississauga, ON",Ontario,"$172,200.70*",2020-12-15,1,172200.7,national research council,integran technologies inc
Plastics challenge: Textiles and microfibers,Environment and Climate Change Canada (ECCC),Met-Tech Inc.,"Burlington, ON",Ontario,"$150,000.00",2020-12-08,1,150000.0,environment and climate change,met-tech inc
Plastics challenge: Sustainable alternatives to plastic packaging,Environment and Climate Change Canada (ECCC),Magemi Mining Inc.,"North York, ON",Ontario,"$149,395.00",2020-12-08,1,149395.0,environment and climate change,magemi mining inc
Plastics challenge: Textiles and microfibers,Environment and Climate Change Canada (ECCC),CACITH Inc.,"Montreal, QC",Quebec,"$146,817.00",2020-12-08,1,146817.0,environment and climate change,cacith inc
Plastics challenge: E-waste,Shared Services Canada (SSC),Western Maple Bio Resources Inc.,"London, ON",Ontario,"$167,875.00",2020-12-02,1,167875.0,shared services,western maple bio resources inc
Plastics challenge: Diverting end of life vehicle plastics from landfills,National Research Council Canada (NRC),Pyrogenesis Canada Inc,"Montreal, QC",Quebec,"$145,412.00",2020-12-02,1,145412.0,national research council,pyrogenesis canada inc
Plastics challenge: E-waste,Shared Services Canada (SSC),KWI INDUSTRIES INC,"Boisbriand, QC",Quebec,"$169,500.00",2020-12-02,1,169500.0,shared services,kwi industries inc
Plastics challenge: Diverting end of life vehicle plastics from landfills,National Research Council Canada (NRC),Universal Matter Inc.,"Burlington, ON",Ontario,"$150,000.00",2020-11-18,1,150000.0,national research council,universal matter inc
Plastics challenge: E-waste,Shared Services Canada (SSC),Terragon Environmental Technologies Inc.,"Montreal, QC",Quebec,"$169,500.00",2020-11-09,1,169500.0,shared services,terragon environmental technologies inc
Kinetic Energy Harvesting on Marine Vessels,"Department of Fisheries and Oceans Canada (DFO), Canadian Coast Guard (CCG)",Aspin Kemp & Associates inc,"Montague, PE",Prince Edward Island,"$167,804.00*",2020-11-06,1,167804.0,"department of fisheries and oceans , canadian coast guard",aspin kemp & associates inc
Automated redaction of video recordings for the purposes of Access to Information requests,Canada Border Services Agency (CBSA),F2 Technologies Inc.,"Whitby, ON",Ontario,"$69,472.40*",2020-09-30,1,69472.4,border services agency,f2 technologies inc
Marine Biotoxin Detection Devices for Shellfish,Canadian Food Inspection Agency (CFIA),FREDsense,"Calgary, AB",Alberta,"$105,000.00*",2020-09-29,1,105000.0,canadian food inspection agency,fredsense
Identification of Microbial Mixtures – Innovative Solutions Canada,Health Canada (HC),Microbiome Insights Inc.,"Vancouver, BC",British Columbia,"$164,123.39*",2020-09-25,1,164123.39,health,microbiome insights inc
Automated redaction of video recordings for the purposes of Access to Information requests,Canada Border Services Agency (CBSA),Iris R&D Group Inc.,"Burlington, ON",Ontario,"$112,608.04*",2020-09-24,1,112608.04,border services agency,iris r&d group inc
User-Centric Verifiable Digital Credentials – Innovative Solutions Canada,Shared Services Canada (SSC),TerraHub Technologies Inc.,"Calgary, AB",Alberta,"$169,409.60*",2020-09-11,1,169409.6,shared services,terrahub technologies inc
User-Centric Verifiable Digital Credentials – Innovative Solutions Canada,Shared Services Canada (SSC),www.TrustScience.com Inc.,"Edmonton, AB",Alberta,"$154,127.50*",2020-09-11,1,154127.5,shared services,www.trustscience.com inc
User-Centric Verifiable Digital Credentials – Innovative Solutions Canada,Shared Services Canada (SSC),Aviary Technologies Inc.,"Victoria, BC",British Columbia,"$169,457.63*",2020-09-11,1,169457.63,shared services,aviary technologies inc
User-Centric Verifiable Digital Credentials – Innovative Solutions Canada,Shared Services Canada (SSC),SecureKey Technologies Inc.,"Toronto, ON",Ontario,"$169,500.00*",2020-09-11,1,169500.0,shared services,securekey technologies inc
User-Centric Verifiable Digital Credentials – Innovative Solutions Canada,Shared Services Canada (SSC),2Keys Corporation,"Ottawa, ON",Ontario,"$169,500.00*",2020-09-11,1,169500.0,shared services,2keys corp
User-Centric Verifiable Digital Credentials – Innovative Solutions Canada,Shared Services Canada (SSC),Bluink Ltd.,"Ottawa, ON",Ontario,"$168,956.78*",2020-09-11,1,168956.78,shared services,bluink ltd
COVID-19 Challenge: An intelligent digital clearing house,"National Research Council Canada (NRC), Public Services and Procurement Canada (PSPC)",Optima Analytics Inc.,"Kingston, ON",Ontario,"$293,000.00",2020-09-11,1,293000.0,"national research council , public services and procurement",optima analytics inc
Data Centre Discovery Tool with Options Analysis,Shared Services Canada (SSC),Optima Analytics Inc.,"Kingston, ON",Ontario,"$169,418.79*",2020-09-11,1,169418.79,shared services,optima analytics inc
COVID-19 Challenge: Magnetic reagents for detection of COVID-19 and other RNA based molecular diagnostic kits,National Research Council Canada (NRC),Galenvs Sciences Inc.,"Montreal, QC",Quebec,"$266,500.00",2020-09-02,1,266500.0,national research council,galenvs sciences inc
Plastics Challenge: Development of Next Generation Bio-Based Foam Insulation,Natural Resources Canada (NRCan),Plantee Bioplastics Inc.,"Vancouver, BC",British Columbia,"$146,750.00",2020-08-31,1,146750.0,natural resources,plantee bioplastics inc
COVID-19 Challenge: An intelligent digital clearing house,"National Research Council Canada (NRC), Public Services and Procurement Canada (PSPC)","Cole Webber Productions, Inc.","Red Deer, AB",Alberta,"$285,750.00",2020-08-12,1,285750.0,"national research council , public services and procurement","cole webber productions, inc"
COVID-19 Challenge: An intelligent digital clearing house,"National Research Council Canada (NRC), Public Services and Procurement Canada (PSPC)",Bulky Inc,"Calgary, AB",Alberta,"$221,933.00",2020-08-12,1,221933.0,"national research council , public services and procurement",bulky inc
COVID-19 Challenge: An intelligent digital clearing house,"National Research Council Canada (NRC), Public Services and Procurement Canada (PSPC)",11983393 Canada Inc,"Caledon, ON",Ontario,"$300,000.00",2020-08-10,1,300000.0,"national research council , public services and procurement",11983393 canada inc
Data Centre Discovery Tool with Options Analysis,Shared Services Canada (SSC),Solana Networks Inc.,"Ottawa, ON",Ontario,"$168,956.50*",2020-08-06,1,168956.5,shared services,solana networks inc
COVID-19 challenge: Low-cost sensor system for COVID-19 patient monitoring,National Research Council Canada (NRC),Cloud Diagnostics Canada ULC,"Kitchener, ON",Ontario,"$300,000.00",2020-08-04,1,300000.0,national research council,cloud diagnostics canada ulc
Data Centre Discovery Tool with Options Analysis,Shared Services Canada (SSC),Block 64 Corporation,"Toronto, ON",Ontario,"$168,523.68*",2020-07-30,1,168523.68,shared services,block 64 corp
Marine Biotoxin Detection Devices for Shellfish,Canadian Food Inspection Agency (CFIA),Sensoreal Inc.,"Montreal, QC",Quebec,"$114,974.88*",2020-07-23,1,114974.88,canadian food inspection agency,sensoreal inc
Additive Manufacturing for High Performance Systems,Department of National Defence (DND),3D Currax,"Kelowna, BC",British Columbia,"$207,376.17*",2020-07-09,1,207376.17,department of national defence,3d currax
COVID-19 Challenge: Point of Care and Home Diagnostic Kit for COVID-19,"Public Health Agency of Canada (PHAC), National Research Council Canada (NRC)",Fourien Inc.,"Edmonton, AB",Alberta,"$296,500.00",2020-06-15,1,296500.0,"public health agency of , national research council",fourien inc
COVID-19 Challenge: Point of Care and Home Diagnostic Kit for COVID-19,"Public Health Agency of Canada (PHAC), National Research Council Canada (NRC)",Metabolic Insights Inc.,"Kelowna, BC",British Columbia,"$300,000.00",2020-06-15,1,300000.0,"public health agency of , national research council",metabolic insights inc
Night Vision Ergonomics Enhancement,Department of National Defence (DND),Caboma Inc.,"Montreal, QC",Quebec,"$217,302.75*",2020-06-12,1,217302.75,department of national defence,caboma inc
Hybrid Ceramic Powder Processing System,National Research Council Canada (NRC),PyroGenesis Canada Inc.,"Montreal, QC",Quebec,"$153,943.02*",2020-06-02,1,153943.02,national research council,pyrogenesis canada inc
COVID-19 Challenge: Made in Canada filtration material for the manufacture of N95 respirators and surgical masks,National Research Council Canada (NRC),Performance BioFilaments,"Vancouver, BC",British Columbia,"$102,524.00",2020-06-01,1,102524.0,national research council,performance biofilaments
Kinetic Energy Harvesting on Marine Vessels,"Department of Fisheries and Oceans Canada (DFO), Canadian Coast Guard (CCG)",Lionwood Construction Limited,"Honeymoon Bay, BC",British Columbia,"$166,283.71*",2020-05-28,1,166283.71,"department of fisheries and oceans , canadian coast guard",lionwood construction ltd
Kinetic Energy Harvesting on Marine Vessels,"Department of Fisheries and Oceans Canada (DFO), Canadian Coast Guard (CCG)",Nova Institute Inc.,"Oakville, ON",Ontario,"$168,797.14*",2020-05-28,1,168797.14,"department of fisheries and oceans , canadian coast guard",nova institute inc
COVID-19 Challenge: Made in Canada filtration material for the manufacture of N95 respirators and surgical masks,National Research Council Canada (NRC),Roswell Downhole Technologies Inc.,"Calgary, AB",Alberta,"$70,253.00",2020-05-25,1,70253.0,national research council,roswell downhole technologies inc
COVID-19: Compostable disposable surgical masks and compostable disposable respirators used in the Canadian healthcare system,National Research Council Canada (NRC),Roswell Downhole Technologies,"Calgary, AB",Alberta,"$196,443.00",2020-05-25,1,196443.0,national research council,roswell downhole technologies
Kinetic Energy Harvesting on Marine Vessels,"Department of Fisheries and Oceans Canada (DFO), Canadian Coast Guard (CCG)",Afel Technologies Incorporated,"Calgary, AB",Alberta,"$166,276.63*",2020-05-25,1,166276.63,"department of fisheries and oceans , canadian coast guard",afel technologies incorporated
COVID-19 Challenge: Made in Canada filtration material for the manufacture of N95 respirators and surgical masks,National Research Council Canada (NRC),Stedfast inc,"Granby, QC",Quebec,"$32,570.00",2020-05-19,1,32570.0,national research council,stedfast inc
Advanced Decision Support for First Responder Command and Control,Department of National Defence (DND),CriSys Limited,"Markham, ON",Ontario,"$225,150.24*",2020-04-29,1,225150.24,department of national defence,crisys ltd
Logistics and Resource Management of Emergency Response Assets,Department of National Defence (DND),Risk Sciences International Inc.,"Ottawa, ON",Ontario,"$225,219.17*",2020-04-09,1,225219.17,department of national defence,risk sciences international inc
Plastics Challenge: Improved Compostability of Bioplastics,Natural Resources Canada (NRCan),Bosk Bioproducts Inc.,"QC City, QC",Quebec,"$150,000.00",2020-03-27,1,150000.0,natural resources,bosk bioproducts inc
Night Vision Ergonomics Enhancement,Department of National Defence (DND),Mawashi Science & Technology Inc.,"Saint-Jean-sur-Richelieu, QC",Quebec,"$229,376.34*",2020-03-10,1,229376.34,department of national defence,mawashi science & technology inc
Improving the Internet Connectivity of Canadians in Remote Locations,Shared Services Canada (SSC),iTel Networks Inc.,"Kamloops, BC",British Columbia,"$155,945.79*",2020-03-06,1,155945.79,shared services,itel networks inc
Platform Corrosion Detection and Prevention,Department of National Defence (DND),Biosa Technologies Ltd.,"Markham, ON",Ontario,"$183,150.96*",2020-03-06,1,183150.96,department of national defence,biosa technologies ltd
Advanced Decision Support for First Responder Command and Control,Department of National Defence (DND),Larus Technologies Corporation,"Ottawa, ON",Ontario,"$221,820.42*",2020-03-03,1,221820.42,department of national defence,larus technologies corp
Night Vision Ergonomics Enhancement,Department of National Defence (DND),Longan Vision Corp.,"Hamilton, ON",Ontario,"$225,141.52*",2020-03-03,1,225141.52,department of national defence,longan vision corp
Logistics and Resource Management of Emergency Response Assets,Department of National Defence (DND),Worldreach (Formerly AMITA Corporation),"Ottawa, ON",Ontario,"$224,220.25*",2020-02-27,1,224220.25,department of national defence,worldreach (formerly amita corp)
Additive Manufacturing for High Performance Systems,Department of National Defence (DND),3310959 NS Ltd. (Nova Graphene Canada),"Halifax, NS",Nova Scotia,"$195,407.77*",2020-02-26,1,195407.77,department of national defence,3310959 ns ltd. (nova graphene canada)
Additive Manufacturing for High Performance Systems,Department of National Defence (DND),Dyze Design,"Montreal, QC",Quebec,"$229,854.57*",2020-02-24,1,229854.57,department of national defence,dyze design
Machine learning to improve organ donation rates and make better matches,Health Canada (HC),Xtract Technologies Inc.,"Vancouver, BC",British Columbia,"$149,680.00",2020-02-15,1,149680.0,health,xtract technologies inc
Point of Care Diagnostics to combat Antimicrobial resistance,Health Canada (HC),Spartan Bioscience Inc.,"Ottawa, ON",Ontario,"$150,000.00",2020-02-15,1,150000.0,health,spartan bioscience inc
Point of Care Diagnostics to combat Antimicrobial resistance,Health Canada (HC),Spectra Plasmonics Inc.,"Kingston, ON",Ontario,"$114,250.00",2020-02-15,1,114250.0,health,spectra plasmonics inc
Machine learning to improve organ donation rates and make better matches,Health Canada (HC),Ortho Biomed Inc.,"Vaughan, ON",Ontario,"$150,000.00",2020-02-15,1,150000.0,health,ortho biomed inc
Machine learning to improve organ donation rates and make better matches,Health Canada (HC),BI Expertise Inc.,"Quebec, QC",Quebec,"$145,000.00",2020-02-15,1,145000.0,health,bi expertise inc
Point of Care Diagnostics to combat Antimicrobial resistance,Health Canada (HC),Galenvs Sciences Inc.,"Montreal, QC",Quebec,"$142,000.00",2020-02-15,1,142000.0,health,galenvs sciences inc
Point of Care Diagnostics to combat Antimicrobial resistance,Health Canada (HC),Sensoreal Inc.,"Montreal, QC",Quebec,"$150,000.00",2020-02-15,1,150000.0,health,sensoreal inc
Machine learning to improve organ donation rates and make better matches,Health Canada (HC),COSIOR (French only),"Boucherville, QC",Quebec,"$150,000.00",2020-02-15,1,150000.0,health,cosior (french only)
Efficient Soil Sampling Techniques,Agriculture and Agri-Food Canada (AAFC),Enns Brothers Ltd,"Oak Bluff, MB",Manitoba,"$166,667.84*",2020-02-13,1,166667.84,agriculture and agri-food,enns brothers ltd
Efficient Soil Sampling Techniques,Agriculture and Agri-Food Canada (AAFC),Sirati and Partners Consultants Ltd,"King City, ON",Ontario,"$160,319.07*",2020-02-11,1,160319.07,agriculture and agri-food,sirati and partners consultants ltd
Improving the Internet Connectivity of Canadians in Remote Locations,Shared Services Canada (SSC),Advanced Interactive Canada Inc,"Burnaby, BC",British Columbia,"$157,418.76*",2020-02-07,1,157418.76,shared services,advanced interactive canada inc
Portable Package Auto Sampler (CSBA),Canada Border Services Agency (CBSA),Thorntech Inc,"Thornhill, ON",Ontario,"$161,270.45*",2020-02-03,1,161270.45,border services agency,thorntech inc
Plastics Challenge: Development of Next Generation Bio-Based Foam Insulation,Natural Resources Canada (NRCan),Western Maple Bio Resources Inc.,"London, ON",Ontario,"$150,000.00",2020-02-03,1,150000.0,natural resources,western maple bio resources inc
Plastics Challenge: Development of Next Generation Bio-Based Foam Insulation,Natural Resources Canada (NRCan),Mecanum Inc.,"Sherbrooke, QC",Quebec,"$150,000.00",2020-02-03,1,150000.0,natural resources,mecanum inc
Platform Corrosion Detection and Prevention,Department of National Defence (DND),Kraken Robotic Systems Inc,"St. John's, NL",Newfoundland and Labrador,"$165,600.00*",2020-01-31,1,165600.0,department of national defence,kraken robotic systems inc
Improving the Internet Connectivity of Canadians in Remote Locations,Shared Services Canada (SSC),Green PI Inc,"Caledon East, ON",Ontario,"$169,500.00*",2020-01-15,1,169500.0,shared services,green pi inc
Night Vision Ergonomics Enhancement,Department of National Defence (DND),Brash Product Development Inc,"Ottawa, ON",Ontario,"$168,314.00*",2020-01-15,1,168314.0,department of national defence,brash product development inc
Preventing contraband delivery via Air and Ground,Correctional Services of Canada (CSC),9374-0587 Québec Inc,"Sherbrooke, QC",Quebec,"$172,462.50*",2020-01-10,1,172462.5,correctional services of,9374-0587 québec inc
Logistics and Resource Management of Emergency Response Assets,Department of National Defence (DND),Tacteris Systems Inc,"Calgary, AB",Alberta,"$198,495.47*",2019-12-20,1,198495.47,department of national defence,tacteris systems inc
Logistics and Resource Management of Emergency Response Assets,Department of National Defence (DND),Eracts (Eugene Rozumovich & Associates) Inc,"Toronto, ON",Ontario,"$222,661.98*",2019-12-20,1,222661.98,department of national defence,eracts (eugene rozumovich & associates) inc
Portable Package Auto Sampler (CSBA),Canada Border Services Agency (CBSA),2597353 ON Inc,"Waterloo, ON",Ontario,"$56,153.24*",2019-12-20,1,56153.24,border services agency,2597353 on inc
Advanced Decision Support for First Responder Command and Control,Department of National Defence (DND),Lightship Works Inc,"Kamloops, BC",British Columbia,"$205,400.00*",2019-12-13,1,205400.0,department of national defence,lightship works inc
Postal Small Packet and Package Inspection,Canada Border Services Agency (CBSA),Thorntech Inc,"Thornhill, ON",Ontario,"$163,194.10*",2019-12-13,1,163194.1,border services agency,thorntech inc
Preventing contraband delivery via Air and Ground,Correctional Services of Canada (CSC),Drone Vision International,"Lévis, QC",Quebec,"$172,423.00*",2019-12-11,1,172423.0,correctional services of,drone vision international
Logistics and Resource Management of Emergency Response Assets,Department of National Defence (DND),Momentaj Inc,"Richmond Hill, ON",Ontario,"$225,005.60*",2019-11-29,1,225005.6,department of national defence,momentaj inc
Advanced Decision Support for First Responder Command and Control,Department of National Defence (DND),SensorUp Inc,"Calgary, AB",Alberta,"$208,436.40*",2019-11-26,1,208436.4,department of national defence,sensorup inc
Head Up Hands Free Fire Fighting,Department of National Defence (DND),BI Expertise Inc,"QC City, QC",Quebec,"$208,436.40*",2019-11-26,1,208436.4,department of national defence,bi expertise inc
Platform Corrosion Detection and Prevention,Department of National Defence (DND),Maxwellian Inc,"Montreal, QC",Quebec,"$229,938.50*",2019-11-21,1,229938.5,department of national defence,maxwellian inc
Logistics and Resource Management of Emergency Response Assets,Department of National Defence (DND),8779074 CANADA CORPORATION,"Waterloo, ON",Ontario,"$225,995.58*",2019-11-20,1,225995.58,department of national defence,8779074 canada corp
Additive Manufacturing for High Performance Systems,Department of National Defence (DND),Nanogrande Inc,"Montreal, QC",Quebec,"$229,283.00*",2019-11-19,1,229283.0,department of national defence,nanogrande inc
Life Sign Monitoring System,Correctional Services of Canada (CSC),Spectronix Inc,"Gatineau, QC",Quebec,"$172,445.25*",2019-11-14,1,172445.25,correctional services of,spectronix inc
Tracing the Steel Industry Supply Chain,"Innovation, Science and Economic Development Canada (ISED)",Mavennet Systems Inc,"Toronto, ON",Ontario,"$169,427.12*",2019-11-08,1,169427.12,"innovation, science and economic development",mavennet systems inc
Platform Corrosion Detection and Prevention,Department of National Defence (DND),Advanced Opto-Mechanical Systems and Technologies Inc,"Mississauga, ON",Ontario,"$225,932.20*",2019-11-06,1,225932.2,department of national defence,advanced opto-mechanical systems and technologies inc
Head Up Hands Free Fire Fighting,Department of National Defence (DND),Longan Vision Corp,"Hamilton, ON",Ontario,"$216,164.77*",2019-11-04,1,216164.77,department of national defence,longan vision corp
Earth Observation Images Processing and Management System,Public Health Agency of Canada (PHAC),Terris EI (formerly 3D Planeta Inc),"Fredericton, NB",New Brunswick,"$151,329.65*",2019-10-21,1,151329.65,public health agency of,terris ei (formerly 3d planeta inc)
Coal Mine Tailings Pond,Public Services and Procurement Canada (PSPC),BGC Engineering Inc,"Vancouver, BC",British Columbia,"$172,428.41*",2019-10-10,1,172428.41,public services and procurement,bgc engineering inc
Detection System For Wireless Communication,Correctional Services of Canada (CSC),Detection & Interdictions Solutions Corp.,"Vancouver, BC",British Columbia,"$157,194.45*",2019-10-04,1,157194.45,correctional services of,detection & interdictions solutions corp
Improving Robot-Environment Interactions,National Research Council Canada (NRC),Exonetik Inc,"Sherbrooke, QC",Quebec,"$172,433.76*",2019-10-03,1,172433.76,national research council,exonetik inc
Mouldings of High Performance Composites Materials,National Research Council Canada (NRC),NP Aerospace (Canada) Inc,"Burlington, ON",Ontario,"$150,110.40*",2019-10-01,1,150110.4,national research council,np aerospace (canada) inc
Earth Observation Images Processing and Management System,Public Health Agency of Canada (PHAC),Hatfield Consultants Ltd,"North Vancouver, BC",British Columbia,"$156,337.65*",2019-09-30,1,156337.65,public health agency of,hatfield consultants ltd
Head Up Hands Free Fire Fighting,Department of National Defence (DND),HumanSystems Incorporated,"Guelph, ON",Ontario,"$225,951.41*",2019-09-30,1,225951.41,department of national defence,humansystems incorporated
Head Up Hands Free Fire Fighting,Department of National Defence (DND),Xtract Technologies Inc.,"Vancouver, BC",British Columbia,"$157,216.50*",2019-09-27,1,157216.5,department of national defence,xtract technologies inc
Coal Mine Tailings Pond,Public Services and Procurement Canada (PSPC),Econse Water Purification Systems Inc,"Scarborough, ON",Quebec,"$140,081.40*",2019-09-27,1,140081.4,public services and procurement,econse water purification systems inc
Improving Robot-Environment Interactions,National Research Council Canada (NRC),Vectis Drive Inc.,"Montreal, QC",Quebec,"$172,422.26*",2019-09-26,1,172422.26,national research council,vectis drive inc
Life Sign Monitoring System,Correctional Services of Canada (CSC),AEROSYSTEMS INTERNATIONAL INC.,"Saint-Laurent, QC",Quebec,"$172,416.51*",2019-09-24,1,172416.51,correctional services of,aerosystems international inc
Composite Material Manufacturing Simulation Software,National Research Council Canada (NRC),Convergent Manufacturing Technologies Inc,"Vancouver, BC",British Columbia,"$157,400.80*",2019-09-20,1,157400.8,national research council,convergent manufacturing technologies inc
Coal Mine Tailings Pond,Public Services and Procurement Canada (PSPC),Terra CO2 Technologies Inc,"Vancouver, BC",British Columbia,"$128,885.60*",2019-09-17,1,128885.6,public services and procurement,terra co2 technologies inc
Innovative Platform to Facilitate Evidence-informed Decision-making,Public Health Agency of Canada (PHAC),BDO Digital (formerly Lixar I.T Inc),"Ottawa, ON",Ontario,"$169,500.00*",2019-09-17,1,169500.0,public health agency of,bdo digital (formerly lixar i.t inc)
Tracing the Steel Industry Supply Chain,"Innovation, Science and Economic Development Canada (ISED)",PEER LEDGER INC,"Halifax, NS",Nova Scotia,"$169,671.00*",2019-09-10,1,169671.0,"innovation, science and economic development",peer ledger inc
Artificial Intelligence and Big Data Analytics for Advanced Autonomous Space Systems,Canadian Space Agency (CSA),Coanda Research and Development Corporation,"Burnaby, BC",British Columbia,"$102,693.98*",2019-09-05,1,102693.98,canadian space agency,coanda research and development corp
Plastics Challenge: Remove and Manage Ghost Fishing Gear and Marine Debris,Department of Fisheries and Oceans Canada (DFO),Shift Environmental Technologies Ltd.,"Nanaimo, BC",British Columbia,"$95,000.00",2019-09-05,1,95000.0,department of fisheries and oceans,shift environmental technologies ltd
Artificial Intelligence and Big Data Analytics for Advanced Autonomous Space Systems,Canadian Space Agency (CSA),Global Spatial Technology Solutions Inc,"Ottawa, ON",Ontario,"$165,403.75*",2019-07-30,1,165403.75,canadian space agency,global spatial technology solutions inc
Artificial Intelligence and Big Data Analytics for Advanced Autonomous Space Systems,Canadian Space Agency (CSA),H2O Geomatics Inc.,"Waterloo, ON",Ontario,"$164,846.52*",2019-07-30,1,164846.52,canadian space agency,h2o geomatics inc
Artificial Intelligence and Big Data Analytics for Advanced Autonomous Space Systems,Canadian Space Agency (CSA),SkyWatch Space Applications Inc.,"Waterloo, ON",Ontario,"$138,510.46*",2019-07-17,1,138510.46,canadian space agency,skywatch space applications inc
Plastics Challenge: Improved Compostability of Bioplastics,Natural Resources Canada (NRCan),NEXE Innovations (formerly GCUP Technology Corporation),"Vancouver, BC",British Columbia,"$150,000.00",2019-07-15,1,150000.0,natural resources,nexe innovations (formerly gcup technology corp)
Innovative Platform to Facilitate Evidence-informed Decision-making,Public Health Agency of Canada (PHAC),Evenset Inc,"Toronto, ON",Ontario,"$144,010.35*",2019-07-15,1,144010.35,public health agency of,evenset inc
Innovative Platform to Facilitate Evidence-informed Decision-making,Public Health Agency of Canada (PHAC),IMRSV Data Labs Inc,"Ottawa, ON",Ontario,"$125,143.83*",2019-07-15,1,125143.83,public health agency of,imrsv data labs inc
Scaling Down Precision Agriculture,Agriculture and Agri-Food Canada (AAFC),Troo Corporation,"Ottawa, ON",Ontario,"$150,000.00",2019-07-15,1,150000.0,agriculture and agri-food,troo corp
Plastics Challenge: Improved Compostability of Bioplastics,Agriculture and Agri-Food Canada (AAFC),EcoEnviro Labs Inc.,"Beaverton, ON",Ontario,"$150,000.00",2019-07-15,1,150000.0,agriculture and agri-food,ecoenviro labs inc
Scaling Down Precision Agriculture,Agriculture and Agri-Food Canada (AAFC),Expert Systems,"Saskatoon, SK",Saskatchewan,"$150,000.00",2019-07-15,1,150000.0,agriculture and agri-food,expert systems
Plastics Challenge: Improved Compostability of Bioplastics,Agriculture and Agri-Food Canada (AAFC),Titan Clean Energy Projects Corp.,"Craik, SK",Saskatchewan,"$150,000.00",2019-07-15,1,150000.0,agriculture and agri-food,titan clean energy projects corp
Innovative Platform to Facilitate Evidence-informed Decision-making,Public Health Agency of Canada (PHAC),Mikata Health Inc,"Calgary, AB",Alberta,"$96,893.00*",2019-07-12,1,96893.0,public health agency of,mikata health inc
Artificial Intelligence and Big Data Analytics for Advanced Autonomous Space Systems,Canadian Space Agency (CSA),Effigis Geo-Solutions,"Montreal, QC",Quebec,"$145,637.56*",2019-06-18,1,145637.56,canadian space agency,effigis geo-solutions
Plastics Challenge: Sustainable Fishing and Aquaculture Gear,Department of Fisheries and Oceans Canada (DFO),Plantee Bioplastics Inc.,"Vancouver, BC",British Columbia,"$138,000.00",2019-06-01,1,138000.0,department of fisheries and oceans,plantee bioplastics inc
Plastics Challenge: Sustainable Fishing and Aquaculture Gear,Department of Fisheries and Oceans Canada (DFO),Ocean Legacy Technologies Inc.,"Delta, BC",British Columbia,"$150,000.00",2019-06-01,1,150000.0,department of fisheries and oceans,ocean legacy technologies inc
Electroencephalography (EEG) and Vital signs integrated existing virtual and augmented reality (VR/AR) headsets,National Research Council Canada (NRC),Myant Inc.,"Toronto, ON",Ontario,"$150,000.00",2019-06-01,1,150000.0,national research council,myant inc
Electroencephalography (EEG) and Vital signs integrated existing virtual and augmented reality (VR/AR) headsets,National Research Council Canada (NRC),Interaxon,"Toronto, ON",Ontario,"$141,000.00",2019-05-28,1,141000.0,national research council,interaxon
Haptic System,National Research Council Canada (NRC),Haply Robotics Inc.,"Montreal, QC",Quebec,"$150,000.00",2019-05-03,1,150000.0,national research council,haply robotics inc
Haptic System,National Research Council Canada (NRC),Exonetik Inc.,"Sherbrooke, QC",Quebec,"$149,820.00",2019-05-01,1,149820.0,national research council,exonetik inc
"Robust ""Beyond Line of Sight"" (BLOS) Communications in Satellite-Denied Environments",Department of National Defence (DND),Columbiad Launch Services Inc.,"Kitchener, ON",Ontario,"$169,500.00*",2019-04-29,1,169500.0,department of national defence,columbiad launch services inc
Haptic System,National Research Council Canada (NRC),Smarter Alloys Inc.,"Waterloo, ON",Ontario,"$150,000.00",2019-04-24,1,150000.0,national research council,smarter alloys inc
Plastics Challenge: Construction Waste,Environment and Climate Change Canada (ECCC),MgO Systems,"Calgary, AB",Alberta,"$112,500.00",2019-04-17,1,112500.0,environment and climate change,mgo systems
Plastics Challenge: Recycling of Glass Fiber-Reinforced Plastic,Transport Canada (TC),Jeosal Materials Research Corp,"Kingston, ON",Ontario,"$118,625.00",2019-03-29,1,118625.0,transport,jeosal materials research corp
Enhancing Pedestrian and Cyclist Road Safety,Transport Canada (TC),Brisk Synergies Tech Corp,"Waterloo, ON",Ontario,"$144,000.00",2019-03-29,1,144000.0,transport,brisk synergies tech corp
Enhancing Pedestrian and Cyclist Road Safety,Transport Canada (TC),Labforge Inc,"Waterloo, ON",Ontario,"$150,000.00",2019-03-29,1,150000.0,transport,labforge inc
Plastics Challenge: Recycling of Glass Fiber-Reinforced Plastic,Transport Canada (TC),Pyrogenesis Canada Inc,"Montreal, QC",Quebec,"$150,000.00",2019-03-29,1,150000.0,transport,pyrogenesis canada inc
Plastics Challenge: Recycling of Glass Fiber-Reinforced Plastic,Transport Canada (TC),KWI Industries Inc,"Boisbriand, QC",Quebec,"$150,000.00",2019-03-29,1,150000.0,transport,kwi industries inc
Plastics Challenge: Separation of Mixed Plastics,Environment and Climate Change Canada (ECCC),Xtract Technologies Inc.,"Vancouver, BC",British Columbia,"$149,800.00",2019-03-28,1,149800.0,environment and climate change,xtract technologies inc
Plastics Challenge: Food Packaging,Environment and Climate Change Canada (ECCC),Copol International Ltd.,"North Sydney, NS",Nova Scotia,"$150,000.00",2019-03-28,1,150000.0,environment and climate change,copol international ltd
"Robust ""Beyond Line of Sight"" (BLOS) Communications in Satellite-Denied Environments",Department of National Defence (DND),Space Strategies Consulting,"Kanata, ON",Ontario,"$169,500.00*",2019-03-28,1,169500.0,department of national defence,space strategies consulting
COVID-19: Recycling technologies for disposable (single-use) Personal Protective Equipment (PPE) used in healthcare sector,National Research Council Canada (NRC),GreenMantra Recycling Technologies Ltd.,"Brantford, ON",Ontario,"$300,000.00",2019-03-28,1,300000.0,national research council,greenmantra recycling technologies ltd
Plastics Challenge: Construction Waste,Environment and Climate Change Canada (ECCC),GreenMantra Recycling Technologies Ltd.,"Brantford, ON",Ontario,"$150,000.00",2019-03-28,1,150000.0,environment and climate change,greenmantra recycling technologies ltd
Plastics Challenge: Food Packaging,Environment and Climate Change Canada (ECCC),Axipolymer Inc.,"Saint Leonard, QC",Quebec,"$150,000.00",2019-03-28,1,150000.0,environment and climate change,axipolymer inc
Plastics Challenge: Separation of Mixed Plastics,Environment and Climate Change Canada (ECCC),Gazoil Doux (Sweet Gazoil),"Montréal, QC",Quebec,$150 000.00,2019-03-28,1,150000.0,environment and climate change,gazoil doux (sweet gazoil)
Advanced Coatings and Materials for Personal Protective Ensembles,Department of National Defence (DND),Biosa Technologies Limited,"Markham, ON",Ontario,"$169,500.00*",2019-03-06,1,169500.0,department of national defence,biosa technologies ltd
Plastics Challenge: Sustainable Fishing and Aquaculture Gear,Department of Fisheries and Oceans Canada (DFO),Goodwood Plastics Products Ltd.,"Dartmouth, NS",Nova Scotia,"$103,000.00",2019-03-01,1,103000.0,department of fisheries and oceans,goodwood plastics products ltd
Plastics Challenge: Sustainable Fishing and Aquaculture Gear,Department of Fisheries and Oceans Canada (DFO),Ashored Inc.,"Debert, NS",Nova Scotia,"$102,000.00",2019-03-01,1,102000.0,department of fisheries and oceans,ashored inc
Advanced Coatings and Materials for Personal Protective Ensembles,Department of National Defence (DND),Everbond Interface Technologies,"Waterloo, ON",Ontario,"$169,500.00*",2019-02-28,1,169500.0,department of national defence,everbond interface technologies
"Robust ""Beyond Line of Sight"" (BLOS) Communications in Satellite-Denied Environments",Department of National Defence (DND),TransEON Inc.,"Edmonton, AB",Alberta,"$157,391.70*",2019-02-08,1,157391.7,department of national defence,transeon inc
Measurement of Cold Spray,National Research Council Canada (NRC),Telops Inc.,"Quebec, QC",Quebec,"$165,297.14*",2019-02-04,1,165297.14,national research council,telops inc
Advanced Coatings and Materials for Personal Protective Ensembles,Department of National Defence (DND),Plasmagear,"Montreal, QC",Quebec,"$172,118.03*",2019-01-22,1,172118.03,department of national defence,plasmagear
Advanced Coatings and Materials for Personal Protective Ensembles,Department of National Defence (DND),Applied Quantum Materials Inc.,"St. Albert, AB",Alberta,"$157,164.00*",2018-12-20,1,157164.0,department of national defence,applied quantum materials inc
Advanced Coatings and Materials for Personal Protective Ensembles,Department of National Defence (DND),PRE Labs Inc.,"Kelowna, BC",British Columbia,"$157,486.59*",2018-12-13,1,157486.59,department of national defence,pre labs inc
Engineered Surfaces,"Innovation, Science and Economic Development Canada (ISED)",e2ip technologies (GGI Solutions),"Lachine, QC",Quebec,"$150,000.00",2018-11-27,1,150000.0,"innovation, science and economic development",e2ip technologies (ggi solutions)
Engineered Surfaces,"Innovation, Science and Economic Development Canada (ISED)",Formi 3DP Inc.,"London, ON",Ontario,"$150,000.00",2018-10-31,1,150000.0,"innovation, science and economic development",formi 3dp inc
3D Printing and Additive Manufacturing Metal Powder Bed Density Test Equipment,National Research Council Canada (NRC),Envisioning Labs Inc.,"Vancouver, BC",British Columbia,"$172,462.50*",2018-10-01,1,172462.5,national research council,envisioning labs inc
3D Printing and Additive Manufacturing Metal Powder Bed Density Test Equipment,National Research Council Canada (NRC),B3D Performance Inc.,"St. Hubert, QC",Quebec,"$172,462.50*",2018-09-20,1,172462.5,national research council,b3d performance inc
3D Printing and Additive Manufacturing Metal Powder Bed Density Test Equipment,National Research Council Canada (NRC),Les Industries Sautech Inc.,"Lorraine, QC",Quebec,"$155,263.39*",2018-09-20,1,155263.39,national research council,les industries sautech inc
Connected Vehicle and Engineered Surfaces,"Innovation, Science and Economic Development Canada (ISED)",CEM Works Inc.,"Winnipeg, MB",Manitoba,"$149,000.00",2018-03-29,1,149000.0,"innovation, science and economic development",cem works inc
Connected Vehicle and Engineered Surfaces,"Innovation, Science and Economic Development Canada (ISED)",mmSense Technologies Inc.,"Waterloo, ON",Ontario,"$150,000.00",2018-03-29,1,150000.0,"innovation, science and economic development",mmsense technologies inc
Turning pixels into data: Imaging for accessibility,Public Service and Procurement Canada,mLAi Analytics,"Mississauga, ON",Ontario,"$ 1,147,427.45 CAD",2025-06-05,2,1147427.45,public service and procurement,mlai analytics
Environmental domoic acid test,Canadian Food Inspection Agency (CFIA),Sensoreal Inc.,"Montreal, QC",Quebec,"$550,000.00",2025-03-10,2,550000.0,canadian food inspection agency,sensoreal inc
Field-ready lateral flow test for avian influenza,Canadian Food Inspection Agency (CFIA),LFAnt Medical (11281232 Canada Inc.),"Montreal, QC",Quebec,"$550,000.00",2025-03-10,2,550000.0,canadian food inspection agency,lfant medical (11281232 canada inc.)
Aerosol particle charge conditioner,National Research Council Canada,Atmose Ltd.,"Medicine Hat, AB",Alberta,"$1,164,254.49*",2025-02-24,2,1164254.49,national research council,atmose ltd
Low-carbon construction materials,National Research Council Canada,Facca Inc.,"Ruscom, ON",Ontario,"$1,000,000.00",2025-03-25,2,1000000.0,national research council,facca inc
High resolution forest mapping,Natural Resources Canada,Hatfield Consultants,"Vancouver, BC",British Columbia,"$999,800.00",2025-03-18,2,999800.0,natural resources,hatfield consultants
High resolution forest mapping,Natural,Forsite Consultants Ltd.,"Salmon Arm, BC",British Columbia,"$999,800.00",2025-03-20,2,999800.0,natural,forsite consultants ltd
Plastics challenge: E-waste,Shared Services Canada (SSC),Terragon Environmental Technologies Inc.,"Montreal, QC",Quebec,"$225,680.52",2022-11-03,2,225680.52,shared services,terragon environmental technologies inc
Plastics challenge: E-waste,Shared Services Canada (SSC),GreeNovel Inc.,"Saint-Constant, QC",Quebec,"$280,914.89",2022-10-26,2,280914.89,shared services,greenovel inc
Plastics challenge: E-waste,Shared Services Canada (SSC),Excir Works Corp.,"Calgary, AB",Alberta,"$428,581.73",2022-11-09,2,428581.73,shared services,excir works corp
Stabilization of Quantum Measurements,National Research Council of Canada,Ki3 Photonics Technologies Inc.,"Montreal, QC",Nova Scotia,"$1,149,259.91*",2024-10-16,2,1149259.91,national research council of,ki3 photonics technologies inc
Innovative phytosanitary treatment options for control of quarantine plant pests,Canadian Food Inspection Agency (CFIA),iFood Packaging Systems Corp.,"Summerland, B.C.",British Columbia,"$500,000.00",2022-12-01,2,500000.0,canadian food inspection agency,ifood packaging systems corp
Detection of granulomas for tuberculosis surveillance,Canadian Food Inspection Agency (CFIA),Bioimaging Research Solutions Inc.,"Guelph, ON",Ontario,"$1,000,000.00",2023-03-17,2,1000000.0,canadian food inspection agency,bioimaging research solutions inc
Marine Biotoxin Detection Devices for Shellfish,Canadian Food Inspection Agency (CFIA),Sensoreal Inc.,"Montreal, QC",Quebec,"$344,924.77*",2022-03-22,2,344924.77,canadian food inspection agency,sensoreal inc
Foot-and-mouth disease vaccine matching,Canadian Food Inspection Agency (CFIA),Shaddari Inc.,"Montreal, QC",Quebec,"$401,965.82*",2022-03-21,2,401965.82,canadian food inspection agency,shaddari inc
Canadian meat processing technology development challenge,Agriculture and Agri-Food Canada (AAFC),Exonetik Inc.,"Sherbrooke, QC",Quebec,"$1,000,000.00",2024-03-28,2,1000000.0,agriculture and agri-food,exonetik inc
Enhancing automation in controlled environment agriculture farming,Agriculture and Agri-Food Canada (AAFC),Mycionics Inc.,"Putnam, ON",Ontario,"$1,000,000.00",2024-03-01,2,1000000.0,agriculture and agri-food,mycionics inc
Canadian meat processing technology development challenge,Agriculture and Agri-Food Canada (AAFC),E.O.I Technologies Inc.,"Calgary, AB",Alberta,"$1,000,000.00",2024-03-28,2,1000000.0,agriculture and agri-food,e.o.i technologies inc
Enhancing automation in controlled environment agriculture farming,Agriculture and Agri-Food Canada (AAFC),Kinova Inc.,"Boisbriand, QC",Quebec,"$974,543.00",2024-03-28,2,974543.0,agriculture and agri-food,kinova inc
Enhancing automation in controlled environment agriculture farming,Agriculture and Agri-Food Canada (AAFC),Exonetik Inc.,"Sherbrooke, QC",Quebec,"$1,000,000.00",2024-03-28,2,1000000.0,agriculture and agri-food,exonetik inc
Efficient Soil Sampling Techniques,Agriculture and Agri-Food Canada (AAFC),Enns Brothers Ltd.,"Oak Bluff, MB",Manitoba,"$821,636.00*",2021-12-01,2,821636.0,agriculture and agri-food,enns brothers ltd
Efficient Soil Sampling Techniques,Agriculture and Agri-Food Canada (AAFC),Sirati and Partners Consultants Ltd.,"King City, ON",Ontario,"$918,777.94*",2020-02-11,2,918777.94,agriculture and agri-food,sirati and partners consultants ltd
The Alternate Format Business Technology Challenge,Employment and Social Development Canada (ESDC),1250468 B.C. Ltd.,"Langford, BC",British Columbia,"$997,160.00*",2022-10-25,2,997160.0,employment and social development,1250468 b.c. ltd
Detecting concussions using objective indicators,Public Health Agency of Canada (PHAC),HealthTech Connex Inc.,"Surrey, BC",British Columbia,"$1,000,000.00",2024-03-15,2,1000000.0,public health agency of,healthtech connex inc
Cost and Waste Reduction of Tree Planting,Natural Resources Canada,11712381 Canada Corporation (Swap Robotics),"Kitchener, ON",Ontario,"$997,888.00",2024-03-20,2,997888.0,natural resources,11712381 canada corp (swap robotics)
Cost and Waste Reduction of Tree Planting,Natural Resources Canada,Enviroluv Inc.,"Huntsville, ON",Ontario,"$563,849.00",2024-03-25,2,563849.0,natural resources,enviroluv inc
Inclusive Respirator,Royal Canadian Mounted Police,Win-Shield Medical Devices Inc.,"Winnipeg, MB",Manitoba,"$1,133,265.72",2023-12-08,2,1133265.72,royal canadian mounted police,win-shield medical devices inc
COVID: High Performance Low Cost Detection of Biomarkers,National Research Council,Response Biomedical Corporation,"Vancouver, BC",British Columbia,"$2,000,000",2023-01-02,2,2000000.0,national research council,response biomedical corp
Hyper-spectral sensing with intense ultrafast laser fields,National Research Council,Few-cycle Inc.,"Varennes, QC",Quebec,"$1,169,075.42",2023-03-23,2,1169075.42,national research council,few-cycle inc
COVID: Compostable disposable surgical masks and compostable disposable respirators used in the Canadian healthcare system,National Research Council,Roswell Downhole Technologies,"Calgary, AB",Alberta,"$1,000,000",2022-02-28,2,1000000.0,national research council,roswell downhole technologies
COVID: An intelligent digital clearing house,National Research Council,Cole Webber Productions,"Red Deer, AB",Alberta,"$1,000,000",2021-04-13,2,1000000.0,national research council,cole webber productions
Canadian Coastal Zone Information System,Public Services and Procurement Canada (PSPC),CBCL Limited,"Halifax, NS",Nova Scotia,"$999,650.00",2023-04-04,2,999650.0,public services and procurement,cbcl ltd
Development of quiet depth finder technology,Transport Canada (TC),Envisioning Labs,"Vancouver, BC",British Columbia,"$983,023.00",2023-02-16,2,983023.0,transport,envisioning labs
Protecting the Southern Resident Killer Whale: Reducing Underwater Noise from Escort Tugs,Transport Canada (TC),Robert Allan Ltd.,"Vancouver, BC",British Columbia,"$983,023.00",2023-02-16,2,983023.0,transport,robert allan ltd
Plastics challenge: Filtration of microplastics in ship greywater,Transport Canada (TC),Hoola One,"Québec, QC",Quebec,"$1,000,000.00",2023-02-16,2,1000000.0,transport,hoola one
Photonic detection beyond single photons,National Research Council Canada (NRC),Xanadu Quantum Technologies Inc,"Toronto, ON",Ontario,"$1,017,253.00",2022-10-25,2,1017253.0,national research council,xanadu quantum technologies inc
Plastics challenge: In-situ sensing technology for monitoring microplastics in the marine environment,National Research Council Canada (NRC),Ocean Diagnostics Inc.,"Victoria, BC",British Columbia,"$1,005,289.00",2022-09-14,2,1005289.0,national research council,ocean diagnostics inc
AI Software for Photonics Semiconductor Fabrication,National Research Council Canada (NRC),Circuitmind Inc.,"Toronto, ON",Ontario,"$299,995.80",2022-08-02,2,299995.8,national research council,circuitmind inc
Plastics challenge: Sustainable alternatives to plastic packaging,Environment and Climate Change Canada (ECCC),Magemi Mining Inc.,"Markham, ON",Ontario,"$728,042.00",2022-05-26,2,728042.0,environment and climate change,magemi mining inc
COVID-19: Development of a portable detection device for SARS-CoV-2 in wastewater,National Research Council Canada (NRC),Ecoli Sense,"Mississauga, ON",Ontario,"$349,488.00",2022-05-23,2,349488.0,national research council,ecoli sense
Ultra-Long-Range Wireless Backhaul,"Innovation, Science and Economic Development Canada (ISED)",6Harmonics,"Nepean, ON",Ontario,"$1,000,000.00",2022-05-09,2,1000000.0,"innovation, science and economic development",6harmonics
Identification of Microbial Mixtures,Health Canada (HC),Microbiome Insights Inc.,"Vancouver, BC",British Columbia,"$995,693.97",2022-03-31,2,995693.97,health,microbiome insights inc
Ultra-Long-Range Wireless Backhaul,"Innovation, Science and Economic Development Canada (ISED)",Avateq,"Markham, ON",Ontario,"$1,000,000.00",2022-03-31,2,1000000.0,"innovation, science and economic development",avateq
Made-in-Canada compostable elastomeric materials for medical glove manufacturing,National Research Council Canada (NRC),5R Enabler Designs and Operations Inc.,"Kitchener, ON",Ontario,"$1,000,000.00",2022-03-28,2,1000000.0,national research council,5r enabler designs and operations inc
COVID-19: Solutions to Reducing Airborne Hazards in Ground Public Transportation,National Research Council Canada (NRC),Plasmagear,"Montreal, QC",Quebec,"$2,000,000.00",2022-03-28,2,2000000.0,national research council,plasmagear
COVID-19: Reducing Airborne Transmission of Respiratory Viruses in Buildings Lacking a Mechanical Ventilation System,National Research Council Canada (NRC),Solutions Avancées,"Lasallle, QC",Quebec,"$1, 000, 000.00",2022-03-28,2,,national research council,solutions avancées
COVID-19: Reducing Airborne Transmission of Respiratory Viruses in Buildings Lacking a Mechanical Ventilation System,National Research Council Canada (NRC),719399 N.B. Corp,"Moncton, NB",New Brunswick,"$969,534.00",2022-03-21,2,969534.0,national research council,719399 n.b. corp
COVID-19 Challenge: Made in Canada filtration material for the manufacture of N95 respirators and surgical masks,National Research Council Canada (NRC),Roswell Downhole Technologies Inc.,"Calgary, AB",Alberta,"$418,641.00",2022-03-15,2,418641.0,national research council,roswell downhole technologies inc
Nanocomposite Fabrics Production System,National Research Council Canada (NRC),Integran Technologies Inc.,"Mississauga, ON",Ontario,"$995,885.00",2022-03-01,2,995885.0,national research council,integran technologies inc
Plastics Challenge: Development of Next Generation Bio-Based Foam Insulation,National Research Council Canada (NRC),Western Maple Bio Resources Inc.,"London, ON",Ontario,"$1,000,000.00",2022-03-01,2,1000000.0,national research council,western maple bio resources inc
COVID-19: Solutions to Reducing Airborne Hazards in Ground Public Transportation,National Research Council Canada (NRC),Acuva Technologies Inc.,"Burnaby, BC",British Columbia,"$2,000,000.00",2022-03-01,2,2000000.0,national research council,acuva technologies inc
Data Centre Discovery Tool with Options Analysis,Shared Services Canada (SSC),Solana Networks Inc.,"Ottawa, ON",Ontario,"$1,129,750.64*",2022-03-01,2,1129750.64,shared services,solana networks inc
Point of Care Diagnostics to combat Antimicrobial resistance,Health Canada (HC),Galenvs Sciences inc.,"Montreal, QC",Quebec,"$1,000,000.00",2022-02-01,2,1000000.0,health,galenvs sciences inc
Machine learning to improve organ donation rates and make better matches,Health Canada (HC),BI Expertise Inc.,"Québec, QC",Quebec,"$1,000,000.00",2022-02-01,2,1000000.0,health,bi expertise inc
COVID-19: Transparent medical grade mask,National Research Council Canada (NRC),Vision Composites Inc.,"Vancouver, BC",British Columbia,"$998,009.00",2022-01-10,2,998009.0,national research council,vision composites inc
COVID-19: Transparent medical grade mask,National Research Council Canada (NRC),Plasmagear,"Montreal, QC",Quebec,"$1,000,000.00",2022-01-04,2,1000000.0,national research council,plasmagear
Plastics Challenge: Development of Next Generation Bio-Based Foam Insulation,National Research Council Canada (NRC),Plantee Bioplastics Inc.,"Vancouver, BC",British Columbia,"$1,000,000.00",2022-01-01,2,1000000.0,national research council,plantee bioplastics inc
Plastics challenge: Diverting end of life vehicle plastics from landfills,National Research Council Canada (NRC),PyroGenesis Canada Inc.,"Montreal, QC",Quebec,"$719,750.00",2021-12-13,2,719750.0,national research council,pyrogenesis canada inc
Point of Care Diagnostics to combat Antimicrobial resistance,Health Canada (HC),Sensoreal Inc.,"Montreal, QC",Quebec,"$1,000,000.00",2021-12-01,2,1000000.0,health,sensoreal inc
Machine learning to improve organ donation rates and make better matches,Health Canada (HC),Ortho Biomed Inc.,"Vaughan, ON",Ontario,"$1,000,000.00",2021-12-01,2,1000000.0,health,ortho biomed inc
COVID-19: Recycling technologies for disposable (single-use) Personal Protective Equipment (PPE) used in healthcare sector,National Research Council Canada (NRC),Terragon Environmental Technologies Inc.,"Montreal, QC",Quebec,"$1,000,000.00",2021-11-15,2,1000000.0,national research council,terragon environmental technologies inc
Stable Liposomes as Drug Carriers,National Research Council Canada (NRC),Integrated Nanotherapeutics Inc.,"Vancouver, BC",British Columbia,"$999,934.13",2021-11-15,2,999934.13,national research council,integrated nanotherapeutics inc
Hybrid Ceramic Powder Processing System,National Research Council Canada (NRC),Pyrogenesis Inc.,"Montreal, QC",Quebec,"$1,149,749.89*",2021-10-15,2,1149749.89,national research council,pyrogenesis inc
Preventing Contraband Delivery via Air and Ground,Correctional Services Canada (CSC),9374-0587 Québec inc.,"Sherbrooke, QC",Quebec,"$1,144,024.00*",2021-10-07,2,1144024.0,correctional services,9374-0587 québec inc
Data Centre Discovery Tool with Options Analysis,Shared Services Canada (SSC),Block 64 Corporation,"Toronto, ON",Ontario,"$987,879.00*",2021-10-05,2,987879.0,shared services,block 64 corp
Life Sign Monitoring System (LSMS),Correctional Services Canada (CSC),Spectronix Inc.,"Gatineau, QC",Quebec,"$1,144,410.00*",2021-07-19,2,1144410.0,correctional services,spectronix inc
Detection System for Wireless Communication – Innovative Solutions Canada,Correctional Services Canada (CSC),Applied Mind Inc.,"Ottawa, ON",Ontario,"$1,130,000.00*",2021-05-25,2,1130000.0,correctional services,applied mind inc
COVID-19 Challenge: An intelligent digital clearing house,Public Services and Procurement Canada (PSPC),Cole Webber Productions Inc.,"Red Deer, AB",Alberta,"$1,000,000.00",2021-04-30,2,1000000.0,public services and procurement,cole webber productions inc
COVID-19 Challenge: Point of Care and Home Diagnostic Kit for COVID-19,National Research Council Canada (NRC),Deep Biologics Inc.,"Guelph, ON",Ontario,"$1,300,000.00",2021-04-30,2,1300000.0,national research council,deep biologics inc
COVID-19 challenge: Low-cost sensor system for COVID-19 patient monitoring,National Research Council Canada (NRC),Braebon Medical Corporation,"Kanata, ON",Ontario,"$2,000,000.00",2021-04-30,2,2000000.0,national research council,braebon medical corp
COVID-19 Challenge: Point of Care and Home Diagnostic Kit for COVID-19,National Research Council Canada (NRC),Nicoya Lifesciences Inc,"Ottawa, ON",Ontario,"$2,000,000.00",2021-04-30,2,2000000.0,national research council,nicoya lifesciences inc
Advanced Coatings and Materials for Personal Protective Ensembles,Department of National Defence (DND),Everbond Interface Technologies,"Waterloo, ON",Ontario,"$993,810.00*",2021-03-31,2,993810.0,department of national defence,everbond interface technologies
Improving the Internet Connectivity of Users in Remote Locations,Shared Services Canada (SSC),Green PI Inc.,"Caledon East, ON",Ontario,"$1,119,948.65*",2021-03-26,2,1119948.65,shared services,green pi inc
Improving the Internet Connectivity of Users in Remote Locations,Shared Services Canada (SSC),Advanced Interactive Canada Inc.,"Burnaby, BC",British Columbia,"$1,023,671.91*",2021-03-24,2,1023671.91,shared services,advanced interactive canada inc
Improving the Internet Connectivity of Users in Remote Locations,Shared Services Canada (SSC),iTel Networks Inc.,"Kamloops, BC",British Columbia,"$1,039,605.71*",2021-03-24,2,1039605.71,shared services,itel networks inc
Advanced Coatings and Materials for Personal Protective Ensembles,Department of National Defence (DND),Plasmagear,"Montreal, QC",Quebec,"$998,907.60*",2021-03-16,2,998907.6,department of national defence,plasmagear
Advanced Coatings and Materials for Personal Protective Ensembles,Department of National Defence (DND),PRE Labs Inc.,"Kelowna, BC",British Columbia,"$967,297.81*",2021-03-03,2,967297.81,department of national defence,pre labs inc
Tracing the Steel Industry Supply Chain,"Innovation, Science and Economic Development Canada (ISED)",Mavennent Systems Inc.,"Toronto, ON",Ontario,"$1,294,867.88*",2021-01-29,2,1294867.88,"innovation, science and economic development",mavennent systems inc
Improving Robot-Environment Interaction,National Research Council Canada (NRC),Vectis Drive Inc.,"Montreal, QC",Quebec,"$804,825.00*",2021-01-20,2,804825.0,national research council,vectis drive inc
Innovative Platform to Facilitate Evidence-Informed Decision-Making,Public Health Agency of Canada (PHAC),Mikata Health Inc.,"Calgary, AB",Alberta,"$491,295.88*",2021-01-19,2,491295.88,public health agency of,mikata health inc
Plastics Challenge: Improved Compostability of Bioplastics,Natural Resources Canada (NRCan),NEXE Innovations (formerly GCUP Technology Corporation),"Vancouver, BC",British Columbia,"$1,000,000.00",2021-01-14,2,1000000.0,natural resources,nexe innovations (formerly gcup technology corp)
Haptic System,National Research Council Canada (NRC),Haply Robotics Inc.,"Montreal, QC",Quebec,"$500,000.00",2020-12-01,2,500000.0,national research council,haply robotics inc
3D Printing and Additive Manufacturing: Metal Powder Bed Density Test Equipment,National Research Council Canada (NRC),Envisioning Labs Inc.,"Vancouver, BC",British Columbia,"$525,000.00*",2020-10-09,2,525000.0,national research council,envisioning labs inc
3D Printing and Additive Manufacturing: Metal Powder Bed Density Test Equipment,National Research Council Canada (NRC),B3D Performance Inc.,"St. Hubert, QC",Quebec,"$574,845.00*",2020-09-18,2,574845.0,national research council,b3d performance inc
Scaling Down Precision Agriculture,Agriculture and Agri-food Canada (AAFC),Expert Systems,"Saskatoon, SK",Saskatchewan,"$1,000,000.00",2020-09-09,2,1000000.0,agriculture and agri-food,expert systems
Plastics Challenge: Improved Compostability of Bioplastics,"Agriculture and Agri-Food Canada (AAFC), Natural Resources Canada (NRCan)",Titan Clean Energy Projects Corp.,"Crail, SK",Saskatchewan,"$1,000,000.00",2020-09-01,2,1000000.0,"agriculture and agri-food , natural resources",titan clean energy projects corp
Plastics Challenge: Improved Compostability of Bioplastics,"Agriculture and Agri-Food Canada (AAFC), Natural Resources Canada (NRCan)",EcoEnviro Labs Inc.,"Beaverton, ON",Ontario,"$1,000,000.00",2020-09-01,2,1000000.0,"agriculture and agri-food , natural resources",ecoenviro labs inc
Scaling Down Precision Agriculture,Agriculture and Agri-food Canada (AAFC),Troo Corporation,"Ottawa, ON",Ontario,"$1,000,000.00",2020-09-01,2,1000000.0,agriculture and agri-food,troo corp
COVID-19 Challenge: An intelligent digital clearing house,National Research Council Canada (NRC),Optima Analytics Inc,"Kingston, ON",Ontario,"$999,712.00",2020-08-17,2,999712.0,national research council,optima analytics inc
Composite Material Manufacturing Simulation Software,National Research Council Canada (NRC),Convergent Manufacturing Technologies Inc,"Vancouver, BC",British Columbia,"$1,207,400.80",2020-08-14,2,1207400.8,national research council,convergent manufacturing technologies inc
3D Printing and Additive Manufacturing: Metal Powder Bed Density Test Equipment,National Research Council Canada (NRC),Les Industries Sautech Inc.,"Boisbriand, QC",Quebec,"$546,609.52*",2020-08-07,2,546609.52,national research council,les industries sautech inc
Electroencephalography (EEG) and Vital signs integrated existing virtual and augmented reality (VR/AR) headsets,National Research Council Canada (NRC),Interaxon,"Toronto, ON",Ontario,"$1,000,000.00",2020-07-13,2,1000000.0,national research council,interaxon
Electroencephalography (EEG) and Vital signs integrated existing virtual and augmented reality (VR/AR) headsets,National Research Council Canada (NRC),Myant Inc.,"Toronto, ON",Ontario,"$1,000,000.00",2020-07-13,2,1000000.0,national research council,myant inc
Earth Observation Images Processing and Management System,Public Health Agency of Canada (PHAC),Hatfield Consultants Ltd.,"North Vancouver, BC",British Columbia,"$568,956.55*",2020-06-24,2,568956.55,public health agency of,hatfield consultants ltd
COVID-19 Challenge: Made in Canada filtration material for the manufacture of N95 respirators and surgical masks,National Research Council Canada (NRC),Stedfast inc,"Granby, QC",Quebec,"$164,955.00",2020-05-19,2,164955.0,national research council,stedfast inc
Plastics Challenge: Food Packaging,Environment and Climate Change Canada (ECCC),Axipolymer,"Montreal, QC",Quebec,"$1,000,000.00",2020-05-18,2,1000000.0,environment and climate change,axipolymer
Plastics Challenge: Construction Waste,Environment and Climate Change Canada (ECCC),MgO Systems,"Calgary, AB",Alberta,"$1,000,000.00",2020-04-01,2,1000000.0,environment and climate change,mgo systems
Plastics Challenge: Sustainable Fishing and Aquaculture Gear,Fisheries and Oceans Canada (DFO),Ocean Legacy Technologies Inc.,"Delta, BC",British Columbia,"$360,000.00",2020-03-30,2,360000.0,fisheries and oceans,ocean legacy technologies inc
Plastics Challenge: Sustainable Fishing and Aquaculture Gear,Fisheries and Oceans Canada (DFO),Goodwood Plastics Products Ltd.,"Dartmouth, NS",Nova Scotia,"$475,000.00",2020-03-30,2,475000.0,fisheries and oceans,goodwood plastics products ltd
Plastics Challenge: Sustainable Fishing and Aquaculture Gear,Fisheries and Oceans Canada (DFO),Plantee Bioplastics Inc.,"Vancouver, BC",British Columbia,"$475,000.00",2020-03-30,2,475000.0,fisheries and oceans,plantee bioplastics inc
Enhancing Pedestrian and Cyclist Road Safety,Transport Canada (TC),Labforge Inc,"Waterloo, ON",Ontario,"$500,000.00",2020-03-30,2,500000.0,transport,labforge inc
Plastics Challenge: Sustainable Fishing and Aquaculture Gear,Fisheries and Oceans Canada (DFO),Ashored Inc.,"Debert, NS",Nova Scotia,"$702,000.00",2020-03-30,2,702000.0,fisheries and oceans,ashored inc
Plastics Challenge: Recycling of Glass Fiber-Reinforced Plastic,Transport Canada (TC),Jeosal Materials Research Corp,"Kingston, ON",Ontario,"$765,500.00",2020-03-30,2,765500.0,transport,jeosal materials research corp
Plastics Challenge: Recycling of Glass Fiber-Reinforced Plastic,Transport Canada (TC),KWI Industries Inc,"Boisbriand, QC",Quebec,"$1,000,000.00",2020-03-30,2,1000000.0,transport,kwi industries inc
Plastics Challenge: Improved Compostability of Bioplastics,National Research Council Canada (NRC),Bosk Bioproducts Inc.,"Québec, QC",Quebec,"$1,000,000.00",2020-03-27,2,1000000.0,national research council,bosk bioproducts inc
Plastics Challenge: Construction Waste,Environment and Climate Change Canada (ECCC),GreenMantra Technologies,"Brantford, ON",Ontario,"$1,000,000.00",2020-03-18,2,1000000.0,environment and climate change,greenmantra technologies
Engineered Surfaces,"Innovation, Science and Economic Development Canada (ISED)",e2ip technologies (GGI Solutions),"Lachine, QC",Quebec,"$1,000,000.00",2020-02-10,2,1000000.0,"innovation, science and economic development",e2ip technologies (ggi solutions)
Connected Vehicle and Engineered Surfaces,"Innovation, Science and Economic Development Canada (ISED)",CEM Works Inc.,"Winnipeg, MB",Manitoba,"$995,000.00",2019-03-29,2,995000.0,"innovation, science and economic development",cem works inc
