Challenge,Department,Innovator,"City, Province or Territory",Province,Awarded amount (*Applicable taxes included),Award date
Auto remediation of document accessibility issues,Employment and Social Development Canada (ESDC),Tradvo Inc.,"Kingston, ON",Ontario,"$149,605.75*",2024-08-23
Auto remediation of document accessibility issues,Employment and Social Development Canada (ESDC),Feedband Labs Inc.,"North York, ON",Ontario,"$149,849.58*",2024-08-24
Auto remediation of document accessibility issues,Employment and Social Development Canada (ESDC),Integrity Co Solutions Inc.,"Vancouver, BC",British Columbia,"$146,625.00$*",2024-08-29
Automated accessibility assessment tool,Employment and Social Development Canada (ESDC),Tradvo Inc.,"Kingston, ON",Ontario,"$149,778.40*",2024-07-09
Canadian Midstream Battery Materials,National Research Council of Canada,Dark Matter Materials Inc.,"Edmonton, AB",Alberta,"$200,000.00",2025-04-14
Canadian Midstream Battery Materials,National Research Council of Canada,Volta Energy Inc.,"Toronto, ON",Ontario,"$162,262.00",2025-04-14
Destruction of PFAS compounds in contaminated media,National Research Council of Canada,Vertex Environmental,"Kitchener, ON",Ontario,"$192,262.50",2025-03-26
Destruction of PFAS compounds in contaminated media,National Research Council of Canada,Trium Environmental Inc.,"Calgary, AB",Alberta,"$200,000.00",2025-03-26
Destruction of PFAS compounds in contaminated media,National Research Council of Canada,Saltworks Technologies,"Richmond, BC",British Columbia,"$200,000.00",2025-03-26
Single-mode circuit quantum electrodynamics device for quantum sensing,"Innovation, Science and Economic Development Canada (ISED)",Nord Quantique Inc.,"Sherbrooke, QC",Quebec,"*$168,270.30",2024-01-10
Detection of food borne pathogenic bacteria using field deployable instruments,Canadian Food Inspection Agency (CFIA),Precision Biomonitoring Inc.,"Cambridge, ON",Ontario,"$149,645.73",2021-03-31
Detection of granulomas for tuberculosis surveillance,Canadian Food Inspection Agency (CFIA),Bioimaging Research Solutions Inc.,"Guelph, ON",Ontario,"$150,000.00",2022-01-17
Detection of granulomas for tuberculosis surveillance,Canadian Food Inspection Agency (CFIA),Silk Way Services Inc.,"Toronto, ON",Ontario,"$150,000.00",2022-01-17
Environmental domoic acid test,Canadian Food Inspection Agency (CFIA),Sensoreal Inc.,"Montreal, QC",Quebec,"$150,000.00",2022-01-17
Environmental domoic acid test,Canadian Food Inspection Agency (CFIA),Cytodiagnostics Inc.,"Burlington, ON",Ontario,"$150,000.00",2022-01-17
Field-ready lateral flow test for avian influenza,Canadian Food Inspection Agency (CFIA),Keystone Labs Inc.,"Edmonton, AB",Alberta,"$150,000.00",2024-03-31
Field-ready lateral flow test for avian influenza,Canadian Food Inspection Agency (CFIA),11281232 Canada Inc.,"Toronto, ON",Ontario,"$150,000.00",2024-03-31
Innovative phytosanitary treatment options for control of quarantine plant pests,Canadian Food Inspection Agency (CFIA),iFood Packaging Systems Corp.,"Summerland, B.C.",British Columbia,"$150,000.00",2021-08-04
Low-carbon construction materials,"Innovation, Science and Economic Development Canada (ISED)",Ekstera Inc.,"Toronto, ON",Ontario,"$150,000.00",2024-09-20
Low-carbon construction materials,"Innovation, Science and Economic Development Canada (ISED)",CarbiCrete Inc.,"Lachine, QC",Quebec,"$150,000.00",2024-09-20
Bioreactor for Bio-printed Hollow Tube Blood Vessel Structures,National Research Council of Canada,MOC Bio Technologies Inc.,"Dartmouth, NS",Nova Scotia,"$169,050.79*",2024-08-08
Optical fiber sensor interrogator,National Research Council of Canada,LxNGen Inc.,"Saint Lazare, QC",Quebec,"$164,675.89 *",2024-06-28
Optical fiber sensor interrogator,National Research Council of Canada,O/E Land Inc.,"Lasalle, QC",Quebec,"$169,205.88 *",2024-07-12
Aerosol particle charge conditioner,National Research Council of Canada,Atmose Ltd.,"Edmonton, AB",Alberta,"$169,137.93 *",2023-12-03
Aerosol particle charge conditioner,National Research Council of Canada,Amtech Aeronautical Limited,"Medicine Hat, AB",Alberta,"$169,048.00 *",2023-12-07
Bioreactor for 3D bioprinted vessels,National Research Council of Canada,VascuBio Innovation Inc.,"North York, ON",Ontario,"$169,050.79 *",2024-05-13
Quantum Imaging,Department of National Defence,Q Block Computing Inc.,"Edmonton, AB",Alberta,"$149,800.00",2024-05-27
Quantum Imaging,Department of National Defense,Single Quantum Systems Inc.,"Kitchener, ON",Ontario,"$149,999.50",2024-05-31
Low-carbon construction materials,Natiocal Research Council Canada,Plascon Plastics Corporation,"Delta, BC",British Columbia,"$150,000.00",2024-03-29
Low-carbon construction materials,National Research Council Canada,Facca Inc.,"Ruscom, ON",Ontario,"$150,000.00",2024-03-29
Improving the collection and/or sorting of plastic film and flexible packaging,Environment and Climate Change Canada,Sparta Manufacturing Inc.,"Notre-Dame, NB",New Brunswick,"$150,000.00",2024-03-29
Improving the collection and/or sorting of plastic film and flexible packaging,Environment and Climate Change Canada,MLVX Technologies Inc.,"Vancouver, BC",British Columbia,"$150,000.00",2024-03-29
Improving the collection and/or sorting of plastic film and flexible packaging,Environment and Climate Change Canada,Vitacore Industries Inc.,"Port Coquitlam, BC",British Columbia,"$150,000.00",2024-03-29
Advancing Reuse to Replace Single-Use Plastics,Environment and Climate Change Canada,Allix Industries Inc.,"Carignan, QC",Quebec,"$150,000.00",2024-03-29
Advancing Reuse to Replace Single-Use Plastics,Environment and Climate Change Canada,Circulr Inc.,"Toronto, ON",Ontario,"$98,672.00",2024-03-29
Advancing Reuse to Replace Single-Use Plastics,Environment and Climate Change Canada,Drinkfill Beverages ltd,"Vancouver, BC",British Columbia,"$150,000.00",2024-03-29
Advancing Reuse to Replace Single-Use Plastics,Environment and Climate Change Canada,Forpheno Tech Inc.,"Maple Ridge, BC",British Columbia,"$149,815.00",2024-03-29
Advancing Reuse to Replace Single-Use Plastics,Environment and Climate Change Canada,Les emballages PickPack,"Granby, QC",Quebec,"$97,750.00",2024-03-29
Advancing Reuse to Replace Single-Use Plastics,Environment and Climate Change Canada,"GeneBio Systems, Inc.","Oakville, ON",Ontario,"$150,000.00",2024-03-29
Bi-Directional Electric Vehicle Charging Solution,Public Services and Procurement Canada,FUTURi Power Inc. (formerly Hexagon Power Technologies Inc.),"Vancouver, BC",British Columbia,"$173,151.75*",2024-03-29
Bi-Directional Electric Vehicle Charging Solution,Public Services and Procurement Canada,CA Hybrid Inc.,"North York, ON",Ontario,"$170,558.03*",2024-03-29
Stabilization of Quantum Measurements,National Research Council,Ki3 Photonics Technologies Inc,"Montreal, QC",Quebec,"$172,407.07",2023-04-19
Stabilization of Quantum Measurements,National Research Council,Q-Block Computing Inc.,"Kitchener, ON",Ontario,"$166,562",2023-04-03
Hyper-Spectral Sensing with Intense Ultrafast Laser Fields,National Research Council,few-cycle Inc.,"Varennes, QC",Quebec,"$176,101.13",2022-01-13
High-resolution Forest Mapping,Natural Resources Canada (NRCan),Hatfield Consultants Ltd.,"Vancouver, BC",British Columbia,"$149,647.00",2023-03-31
Detecting concussions using objective indicators,Public Health Agency of Canada (PHAC),Health Tech Connex Inc.,"Surrey, BC",British Columbia,"$150,000.00",2023-03-31
Detecting concussions using objective indicators,Public Health Agency of Canada (PHAC),Ekidna Sensing Inc.,"Ottawa, ON",Ontario,"$150,000.00",2023-03-31
Detecting concussions using objective indicators,Public Health Agency of Canada (PHAC),Les jeux Aleo inc.,"Montréal, QC",Quebec,"$150,000.00",2023-03-31
High-resolution Forest Mapping,Natural Resources Canada (NRCan),Forsite Consultants Ltd.,"Salmon Arm, BC",British Columbia,"$149,968.50",2023-03-28
Cost and Waste Reduction of Tree Planting,Natural Resources Canada (NRCan),11712381 Canada Corporation (Swap Robotics),"Kitchener, ON",Ontario,"$150,000.00",2023-03-23
Cost and Waste Reduction of Tree Planting,Natural Resources Canada (NRCan),Enviroluv Inc.,"Huntsville, ON",Ontario,"$73,420.00",2023-03-23
Hyper-Spectral Sensing with Intense Ultrafast Laser Fields,National Research Council Canada (NRC),few-cycle Inc.,"Varennes, QC",Quebec,"$120,614.72",2023-03-23
Plastics Challenge: Mitigating the release of microplastics from tire wear,Environment and Climate Change Canada (ECCC),Applied Quantum Materials Inc.,"Edmonton, AB",Alberta,"$150,000.00",2023-03-13
Plastics Challenge: Mitigating the release of microplastics from tire wear,Environment and Climate Change Canada (ECCC),Nova Graphene Canada,"Dartmouth, NS",Nova Scotia,"$148,412.00",2023-03-13
Plastics Challenge: Mitigating the release of microplastics from tire wear,Environment and Climate Change Canada (ECCC),Stema Punch and Die Inc.,"Cambridge, ON",Ontario,"$150,000.00",2023-03-13
Platform Corrosion Detection and Prevention,Department of National Defence (DND),Graphene Leaders Canada Inc,"Edmonton, AB",Alberta,"$209,508.77*",2023-01-25
Respiratory disease therapeutics,National Research Council Canada (NRC),PharmaPlanter,"Burnaby, BC",British Columbia,"$150,000.00",2023-01-24
Respiratory disease therapeutics,National Research Council Canada (NRC),Tetra Bio-Pharma Inc.,"Ottawa, ON",Ontario,"$149,180.00",2023-01-24
Respiratory disease therapeutics,National Research Council Canada (NRC),Canurta Inc.,"Mississauga, ON",Ontario,"$150,000.00",2023-01-24
Quantum Computing-as-a-Service,"Innovation, Science and Economic Development Canada (ISED)",Resonance,"Toronto, ON",Ontario,"$169,149.70",2022-12-22
Quantum Computing-as-a-Service,"Innovation, Science and Economic Development Canada (ISED)",CogniFrame Inc.,"Toronto, ON",Ontario,"$169,500.00",2022-12-16
Plastics challenge: E-waste,Shared Services Canada (SSC),Excir Works Corp.,"Calgary, AB",Alberta,"$157,409.00",2022-12-01
Plastics challenge: E-waste,Shared Services Canada (SSC),GreeNovel Inc.,"Saint-Constant, QC",Quebec,"$166,979.86",2022-10-26
Enhancing Automation in Controlled Environment Agriculture Farming,Agriculture and Agri-Food Canada (AAFC),Smart pix Robotics Inc.,Guelph. ON,Ontario,"$150,000.00",2022-09-07
Enhancing Automation in Controlled Environment Agriculture Farming,Agriculture and Agri-Food Canada (AAFC),Circulus Agtech Solutions Inc.,"Montreal, QC",Quebec,"$150,000.00",2022-09-07
Canadian meat processing technology development challenge,Agriculture and Agri-Food Canada (AAFC),E.O.I Technologies Inc.,"Calgary, AB",Alberta,"$150,000.00",2022-08-29
Enhancing Automation in Controlled Environment Agriculture Farming,Agriculture and Agri-Food Canada (AAFC),Sinopa Energy Inc.,"Chatham, ON",Ontario,"$150,000.00",2022-08-29
Enhancing Automation in Controlled Environment Agriculture Farming,Agriculture and Agri-Food Canada (AAFC),Truly Northern Inc.,"Chelmsford, ON",Ontario,"$150,000.00",2022-08-29
Enhancing Automation in Controlled Environment Agriculture Farming,Agriculture and Agri-Food Canada (AAFC),Mycionics Inc.,"Putnam, ON",Ontario,"$150,000.00",2022-08-29
Enhancing Automation in Controlled Environment Agriculture Farming,Agriculture and Agri-Food Canada (AAFC),GWS Vertical Farms Inc.,Richmond Hill. ON,Ontario,"$150,000.00",2022-08-29
Enhancing Automation in Controlled Environment Agriculture Farming,Agriculture and Agri-Food Canada (AAFC),Exonetik Inc.,"Sherbrooke, QC",Quebec,"$150,000.00",2022-08-29
Enhancing Automation in Controlled Environment Agriculture Farming,Agriculture and Agri-Food Canada (AAFC),STRATUSCENT INC.,"Montreal, QC",Quebec,"$150,000.00",2022-08-29
Enhancing Automation in Controlled Environment Agriculture Farming,Agriculture and Agri-Food Canada (AAFC),Kinova Inc,"Boisbriand, QC",Quebec,"$150,000.00",2022-08-29
Plastics challenge: Recycled plastic ceiling tiles,Global Affairs Canada (GAC),Pliteq Inc.,"Vaughan, ON",Ontario,"$169,025.72",2022-04-21
Advanced Decision Support for First Responder Command and Control,Department of National Defence (DND),Chaac Technologies Inc,"Montreal, QC",Quebec,"$228,006.92*",2022-04-13
Modernization of handcuffs,Royal Canadian Mounted Police (RCMP),Trido Industries Inc.,"Calgary, AB",Alberta,"$169,498.42",2022-03-31
Modernization of handcuffs,Royal Canadian Mounted Police (RCMP),BPE Technologies Inc.,"Ottawa, ON",Ontario,"$152,745.49",2022-03-31
Modernization of handcuffs,Royal Canadian Mounted Police (RCMP),Canada VFD CORP,"Ottawa, ON",Ontario,"$157,673.42",2022-03-31
Modernization of handcuffs,Royal Canadian Mounted Police (RCMP),Les Industries Sautech Inc.,"Boisbriand, QC",Quebec,"$160,898.04",2022-03-31
COVID-19: High Performance Low Cost Detection of Biomarkers,National Research Council Canada (NRC),Response Biomedical Corporation,"Vancouver, BC",British Columbia,"$300,000.00",2022-03-28
COVID-19: Made-in-Canada compostable elastomeric materials for medical glove manufacturing,National Research Council Canada (NRC),5R Enabler Designs and Operations Inc,"Vancouver, BC",British Columbia,"$283,406.00",2022-03-28
COVID-19: Made-in-Canada compostable elastomeric materials for medical glove manufacturing,National Research Council Canada (NRC),FEED Engineering Inc.,"Vancouver, BC",British Columbia,"$300,000.00",2022-03-28
COVID-19 Challenge: Reducing Airborne Transmission of Respiratory Viruses in Buildings Lacking a Mechanical Ventilation System,National Research Council Canada (NRC),AeroContain Technologies Inc.,"Richmond, BC",British Columbia,"$150,000.00",2022-03-28
COVID-19: High Performance Low Cost Detection of Biomarkers,National Research Council Canada (NRC),Vital Biosciences Inc.,"Mississauga, ON",Ontario,"$300,000.00",2022-03-28
COVID-19: Transparent medical grade mask,National Research Council Canada (NRC),Plasmagear Inc.,"Montreal, QC",Quebec,"$150,000.00",2022-03-28
COVID-19 Challenge: Reducing Airborne Transmission of Respiratory Viruses in Buildings Lacking a Mechanical Ventilation System,National Research Council Canada (NRC),One Lightwave Mfg.,"Hopewell Hill, NB",New Brunswick,"$146,865.00",2022-03-21
COVID-19 Challenge: Reducing Airborne Transmission of Respiratory Viruses in Buildings Lacking a Mechanical Ventilation System,National Research Council Canada (NRC),Solutions Avancées,"Lasalle, QC",Quebec,"$150,000.00",2022-03-21
COVID-19: Solutions to Reducing Airborne Hazards in Ground Public Transportation,National Research Council Canada (NRC),Sanozone Technologies Incorporated,"Regina, SK",Saskatchewan,"$133,110.00",2022-03-15
Turning pixels into data: Imaging for accessibility,Public Services and Procurement Canada (PSPC),MLAnalytix,"Toronto, ON",Ontario,"$172,397.62",2022-03-02
COVID-19: Solutions to Reducing Airborne Hazards in Ground Public Transportation,National Research Council Canada (NRC),Acuva,"Burnaby, BC",British Columbia,"$150,000.00",2022-03-01
Inclusive Respirator,Royal Canadian Mounted Police (RCMP),Win-Shield Medical Devices Inc.,"Winnipeg, MB",Manitoba,"$166,777.73",2022-02-09
Inclusive Respirator,Royal Canadian Mounted Police (RCMP),Brash Product Development Inc.,"Ottawa, ON",Ontario,"$164,603.71",2022-02-08
Inclusive Respirator,Royal Canadian Mounted Police (RCMP),Bornea Dynamics Limted,"Hamilton, ON",Ontario,"$169,235.74",2022-02-08
Inclusive Respirator,Royal Canadian Mounted Police (RCMP),HumanSystems Incorporated,"Guelph, ON",Ontario,"$168,367.80",2022-01-31
Turning pixels into data: Imaging for accessibility,Public Services and Procurement Canada (PSPC),Xtract Technologies Inc.,"Vancouver, BC",British Columbia,"$171,497.94",2022-01-13
COVID-19: Transparent medical grade mask,National Research Council Canada (NRC),Vision Composites Inc.,"Vancouver, BC",British Columbia,"$150,000.00",2022-01-10
Turning pixels into data: Imaging for accessibility,Public Services and Procurement Canada (PSPC),SageTea inc.,"Ottawa, ON",Ontario,"$171,622.49",2022-01-06
COVID-19: Solutions to Reducing Airborne Hazards in Ground Public Transportation,National Research Council Canada (NRC),Plasmagear,"Montreal, QC",Quebec,"$150,000.00",2022-01-04
Stable Liposomes as Drug Carriers,National Research Council Canada (NRC),Integrated Nanotherapeutics Inc.,"Vancouver, BC",British Columbia,"$157,500.00*",2021-11-15
Stable Liposomes as Drug Carriers,National Research Council Canada (NRC),Precision NanoSystems Inc.,"Vancouver, BC",British Columbia,"$157,500.00*",2021-11-15
Digital navigation matching tool for federal programs and services,Indigenous Services Canada (ISC),RedPath Technology Corporation,"Calgary, AB",Alberta,"$157,500.00*",2021-11-10
Digital navigation matching tool for federal programs and services,Indigenous Services Canada (ISC),FoxWise Technologies Inc.,"Kanata, ON",Ontario,"$169,358.75*",2021-11-10
Canadian Coastal Zone Information System,Public Services and Procurement Canada (PSPC),Asix Solutions Inc. (formerly Minerva Intelligence Inc.),"Vancouver, BC",British Columbia,"$155,514.68",2021-11-05
Digital navigation matching tool for federal programs and services,Indigenous Services Canada (ISC),Tribal Wi-Chi-Way-Win Capital Corporation,"Winnipeg, MB",Manitoba,"$157,500.00*",2021-11-01
Digital navigation matching tool for federal programs and services,Indigenous Services Canada (ISC),VERSATIL BPI INC.,"Gatineau, QC",Quebec,"$172,457.18*",2021-11-01
Canadian Coastal Zone Information System,Public Services and Procurement Canada (PSPC),Westcoast Oceanography Ltd,"Saanichton, BC",British Columbia,"$167,989.91",2021-10-28
Canadian Coastal Zone Information System,Public Services and Procurement Canada (PSPC),CBCL Limited,"Halifax, NS",Nova Scotia,"$171,919.25",2021-10-28
COVID-19: Development of a portable detection device for SARS-CoV-2 in wastewater,National Research Council Canada (NRC),LuminUltra Technologies Ltd.,"Fredericton, NB",New Brunswick,"$150,000.00",2021-10-18
COVID-19: Development of a portable detection device for SARS-CoV-2 in wastewater,National Research Council Canada (NRC),Ecoli Sense,"Oakville, ON",Ontario,"$148,725.00",2021-10-18
COVID-19: Development of a portable detection device for SARS-CoV-2 in wastewater,National Research Council Canada (NRC),Zentek Ltd.,"Guelph, ON",Ontario,"$148,000.00",2021-10-18
Canadian meat processing technology development challenge,Agriculture and Agri-Food Canada (AAFC),mode40 ltd.,"Mitchell, MB",Manitoba,"$150,000.00",2021-09-16
Canadian meat processing technology development challenge,Agriculture and Agri-Food Canada (AAFC),POSS Design Limited,"Oakville, ON",Ontario,"$150,000.00",2021-09-16
Canadian meat processing technology development challenge,Agriculture and Agri-Food Canada (AAFC),Exonetik Inc.,"Sherbrooke, QC",Quebec,"$150,000.00",2021-09-16
Plastics challenge: Filtration of microplastics in ship greywater,Transport Canada (TC),Technologie Hoola One Inc.,"Québec City, QC",Quebec,"$150,000.00",2021-08-01
Protecting the Southern Resident Killer Whale: Reducing Underwater Noise from Escort Tugs,Transport Canada (TC),BPE Technologies,"Ottawa, ON",Ontario,"$149,800.00",2021-07-14
Photonic detection beyond single photons – Innovative Solutions Canada,National Research Council Canada (NRC),Xanadu Quantum Technologies Inc.,"Toronto, ON",Ontario,"$166,748.88*",2021-07-07
Development of quiet depth finder technology,Transport Canada (TC),Envisioning Labs.,"Vancouver, BC",British Columbia,"$150,000.00",2021-06-15
Protecting the Southern Resident Killer Whale: Reducing Underwater Noise from Escort Tugs,Transport Canada (TC),Robert Allan Ltd.,"Vancouver, BC",British Columbia,"$150,000.00",2021-06-15
AI Software for Photonics Semiconductor Fabrication – Innovative Solutions Canada,National Research Council Canada (NRC),Mastrin Digital Solutions Ltd.,"Calgary, AB",Alberta,"$157,406.00*",2021-06-10
Plastics challenge: Filtration of microplastics in ship greywater,Transport Canada (TC),BC Research Inc.,"Richmond, BC",British Columbia,"$150,000.00",2021-06-09
Plastics challenge: In-situ sensing technology for monitoring microplastics in the marine environment – Innovative Solutions Canada,National Research Council Canada (NRC),Ocean Diagnostics Inc.,"Victoria, BC",British Columbia,"$167,702.98*",2021-05-28
The Alternate Format Business Technology Challenge,Employment and Social Development Canada (ESDC),1250468 B.C. Ltd.,"Langford, BC",British Columbia,"$145,155.94*",2021-05-28
Detection System For Wireless Communication,Correctional Services of Canada (CSC),Applied Mind Inc.,"Ottawa, ON",Ontario,"$144,549.06*",2021-05-25
COVID-19: Compostable disposable surgical masks and compostable disposable respirators used in the Canadian healthcare system,National Research Council Canada (NRC),Precision ADM.,"Winnipeg, MB",Manitoba,"$300,000.00",2021-04-30
COVID-19 Challenge: Point of Care and Home Diagnostic Kit for COVID-19,"Public Health Agency of Canada (PHAC), National Research Council Canada (NRC)",Nicoya Lifesciences Inc.,"Kitchener, ON",Ontario,"$299,190.00",2021-04-30
COVID-19 challenge: Low-cost sensor system for COVID-19 patient monitoring,National Research Council Canada (NRC),Braebon Medical Corporation,"Kanata, ON",Ontario,"$282,244.00",2021-04-30
COVID-19 Challenge: Point of Care and Home Diagnostic Kit for COVID-19,"Public Health Agency of Canada (PHAC), National Research Council Canada (NRC)",Deep Biologics Inc.,"Guelph, ON",Ontario,"$300,000.00",2021-04-30
COVID-19: Recycling technologies for disposable (single-use) Personal Protective Equipment (PPE) used in healthcare sector,National Research Council Canada (NRC),Terragon Environmental Technologies Inc.,"Montreal, QC",Quebec,"$300,000.00",2021-04-29
Plastics challenge: In-situ sensing technology for monitoring microplastics in the marine environment – Innovative Solutions Canada,National Research Council Canada (NRC),Photon Etc. Inc.,"Montreal, QC",Quebec,"$172,113.20*",2021-04-27
Eco-friendly Waste Converter,Global Affairs Canada (GAC),ReGenerate Biogas Inc.,"Peterborough, ON",Ontario,"$168,150.94*",2021-04-16
Eco-friendly Waste Converter,Global Affairs Canada (GAC),Terragon Environmental Technologies Inc.,"Montreal, QC",Quebec,"$172,462.50*",2021-04-16
Outdoor Air Purifier,Global Affairs Canada (GAC),Kaeras Inc.,"Calgary, AB",Alberta,"$155,661.57*",2021-04-15
AI Software for Photonics Semiconductor Fabrication – Innovative Solutions Canada,National Research Council Canada (NRC),CircuitMind Inc.,"Toronto, ON",Ontario,"$169,457.95*",2021-04-13
Outdoor Air Purifier,Global Affairs Canada (GAC),Meaglow Ltd.,"Thunder Bay, ON",Ontario,"$92,864.57*",2021-04-08
Foot-and-mouth disease vaccine matching,Canadian Food Inspection Agency (CFIA),Shaddari Inc.,"Montreal, QC",Quebec,"$114,918.97*",2021-04-01
Ultra-Long-Range Wireless Backhaul,"Innovation, Science and Economic Development Canada (ISED)",6Harmonics Inc.,"Nepean, ON",Ontario,"$130,000.00",2021-03-31
Ultra-Long-Range Wireless Backhaul,"Innovation, Science and Economic Development Canada (ISED)",Avateq Corp.,"Markham, ON",Ontario,"$130,000.00",2021-03-31
Ultra-Long-Range Wireless Backhaul,"Innovation, Science and Economic Development Canada (ISED)",Aviat Networks (formerly Redline Communications Group Inc.,"Markham, ON",Ontario,"$130,000.00",2021-03-31
Outdoor Air Purifier,Global Affairs Canada (GAC),Dowclear Inc.,"Manotick, ON",Ontario,"$169,777.17*",2021-03-31
Energy Producing Window Coverings,Global Affairs Canada (GAC),Morgan Solar Inc.,"Toronto, ON",Ontario,"$113,000.00*",2021-03-12
Nanocomposite Fabrics Production System – Innovative Solutions Canada,National Research Council Canada (NRC),Nano NB Corp.,"Waasis, NB",New Brunswick,"$170,569.62*",2021-01-25
Energy Producing Window Coverings,Global Affairs Canada (GAC),OCI Vacuum Microengineering Inc.,"London, ON",Ontario,"$112,996.27*",2021-01-08
Plastics challenge: Textiles and microfibers,Environment and Climate Change Canada (ECCC),Singular Solutions Inc.,"North York, ON",Ontario,"$150,000.00",2020-12-23
Nanocomposite Fabrics Production System – Innovative Solutions Canada,National Research Council Canada (NRC),Integran Technologies Inc.,"Mississauga, ON",Ontario,"$172,200.70*",2020-12-15
Plastics challenge: Textiles and microfibers,Environment and Climate Change Canada (ECCC),Met-Tech Inc.,"Burlington, ON",Ontario,"$150,000.00",2020-12-08
Plastics challenge: Sustainable alternatives to plastic packaging,Environment and Climate Change Canada (ECCC),Magemi Mining Inc.,"North York, ON",Ontario,"$149,395.00",2020-12-08
Plastics challenge: Textiles and microfibers,Environment and Climate Change Canada (ECCC),CACITH Inc.,"Montreal, QC",Quebec,"$146,817.00",2020-12-08
Plastics challenge: E-waste,Shared Services Canada (SSC),Western Maple Bio Resources Inc.,"London, ON",Ontario,"$167,875.00",2020-12-02
Plastics challenge: Diverting end of life vehicle plastics from landfills,National Research Council Canada (NRC),Pyrogenesis Canada Inc,"Montreal, QC",Quebec,"$145,412.00",2020-12-02
Plastics challenge: E-waste,Shared Services Canada (SSC),KWI INDUSTRIES INC,"Boisbriand, QC",Quebec,"$169,500.00",2020-12-02
Plastics challenge: Diverting end of life vehicle plastics from landfills,National Research Council Canada (NRC),Universal Matter Inc.,"Burlington, ON",Ontario,"$150,000.00",2020-11-18
Plastics challenge: E-waste,Shared Services Canada (SSC),Terragon Environmental Technologies Inc.,"Montreal, QC",Quebec,"$169,500.00",2020-11-09
Kinetic Energy Harvesting on Marine Vessels,"Department of Fisheries and Oceans Canada (DFO), Canadian Coast Guard (CCG)",Aspin Kemp & Associates inc,"Montague, PE",Prince Edward Island,"$167,804.00*",2020-11-06
Automated redaction of video recordings for the purposes of Access to Information requests,Canada Border Services Agency (CBSA),F2 Technologies Inc.,"Whitby, ON",Ontario,"$69,472.40*",2020-09-30
Marine Biotoxin Detection Devices for Shellfish,Canadian Food Inspection Agency (CFIA),FREDsense,"Calgary, AB",Alberta,"$105,000.00*",2020-09-29
Identification of Microbial Mixtures – Innovative Solutions Canada,Health Canada (HC),Microbiome Insights Inc.,"Vancouver, BC",British Columbia,"$164,123.39*",2020-09-25
Automated redaction of video recordings for the purposes of Access to Information requests,Canada Border Services Agency (CBSA),Iris R&D Group Inc.,"Burlington, ON",Ontario,"$112,608.04*",2020-09-24
User-Centric Verifiable Digital Credentials – Innovative Solutions Canada,Shared Services Canada (SSC),TerraHub Technologies Inc.,"Calgary, AB",Alberta,"$169,409.60*",2020-09-11
User-Centric Verifiable Digital Credentials – Innovative Solutions Canada,Shared Services Canada (SSC),www.TrustScience.com Inc.,"Edmonton, AB",Alberta,"$154,127.50*",2020-09-11
User-Centric Verifiable Digital Credentials – Innovative Solutions Canada,Shared Services Canada (SSC),Aviary Technologies Inc.,"Victoria, BC",British Columbia,"$169,457.63*",2020-09-11
User-Centric Verifiable Digital Credentials – Innovative Solutions Canada,Shared Services Canada (SSC),SecureKey Technologies Inc.,"Toronto, ON",Ontario,"$169,500.00*",2020-09-11
User-Centric Verifiable Digital Credentials – Innovative Solutions Canada,Shared Services Canada (SSC),2Keys Corporation,"Ottawa, ON",Ontario,"$169,500.00*",2020-09-11
User-Centric Verifiable Digital Credentials – Innovative Solutions Canada,Shared Services Canada (SSC),Bluink Ltd.,"Ottawa, ON",Ontario,"$168,956.78*",2020-09-11
COVID-19 Challenge: An intelligent digital clearing house,"National Research Council Canada (NRC), Public Services and Procurement Canada (PSPC)",Optima Analytics Inc.,"Kingston, ON",Ontario,"$293,000.00",2020-09-11
Data Centre Discovery Tool with Options Analysis,Shared Services Canada (SSC),Optima Analytics Inc.,"Kingston, ON",Ontario,"$169,418.79*",2020-09-11
COVID-19 Challenge: Magnetic reagents for detection of COVID-19 and other RNA based molecular diagnostic kits,National Research Council Canada (NRC),Galenvs Sciences Inc.,"Montreal, QC",Quebec,"$266,500.00",2020-09-02
Plastics Challenge: Development of Next Generation Bio-Based Foam Insulation,Natural Resources Canada (NRCan),Plantee Bioplastics Inc.,"Vancouver, BC",British Columbia,"$146,750.00",2020-08-31
COVID-19 Challenge: An intelligent digital clearing house,"National Research Council Canada (NRC), Public Services and Procurement Canada (PSPC)","Cole Webber Productions, Inc.","Red Deer, AB",Alberta,"$285,750.00",2020-08-12
COVID-19 Challenge: An intelligent digital clearing house,"National Research Council Canada (NRC), Public Services and Procurement Canada (PSPC)",Bulky Inc,"Calgary, AB",Alberta,"$221,933.00",2020-08-12
COVID-19 Challenge: An intelligent digital clearing house,"National Research Council Canada (NRC), Public Services and Procurement Canada (PSPC)",11983393 Canada Inc,"Caledon, ON",Ontario,"$300,000.00",2020-08-10
Data Centre Discovery Tool with Options Analysis,Shared Services Canada (SSC),Solana Networks Inc.,"Ottawa, ON",Ontario,"$168,956.50*",2020-08-06
COVID-19 challenge: Low-cost sensor system for COVID-19 patient monitoring,National Research Council Canada (NRC),Cloud Diagnostics Canada ULC,"Kitchener, ON",Ontario,"$300,000.00",2020-08-04
Data Centre Discovery Tool with Options Analysis,Shared Services Canada (SSC),Block 64 Corporation,"Toronto, ON",Ontario,"$168,523.68*",2020-07-30
Marine Biotoxin Detection Devices for Shellfish,Canadian Food Inspection Agency (CFIA),Sensoreal Inc.,"Montreal, QC",Quebec,"$114,974.88*",2020-07-23
Additive Manufacturing for High Performance Systems,Department of National Defence (DND),3D Currax,"Kelowna, BC",British Columbia,"$207,376.17*",2020-07-09
COVID-19 Challenge: Point of Care and Home Diagnostic Kit for COVID-19,"Public Health Agency of Canada (PHAC), National Research Council Canada (NRC)",Fourien Inc.,"Edmonton, AB",Alberta,"$296,500.00",2020-06-15
COVID-19 Challenge: Point of Care and Home Diagnostic Kit for COVID-19,"Public Health Agency of Canada (PHAC), National Research Council Canada (NRC)",Metabolic Insights Inc.,"Kelowna, BC",British Columbia,"$300,000.00",2020-06-15
Night Vision Ergonomics Enhancement,Department of National Defence (DND),Caboma Inc.,"Montreal, QC",Quebec,"$217,302.75*",2020-06-12
Hybrid Ceramic Powder Processing System,National Research Council Canada (NRC),PyroGenesis Canada Inc.,"Montreal, QC",Quebec,"$153,943.02*",2020-06-02
COVID-19 Challenge: Made in Canada filtration material for the manufacture of N95 respirators and surgical masks,National Research Council Canada (NRC),Performance BioFilaments,"Vancouver, BC",British Columbia,"$102,524.00",2020-06-01
Kinetic Energy Harvesting on Marine Vessels,"Department of Fisheries and Oceans Canada (DFO), Canadian Coast Guard (CCG)",Lionwood Construction Limited,"Honeymoon Bay, BC",British Columbia,"$166,283.71*",2020-05-28
Kinetic Energy Harvesting on Marine Vessels,"Department of Fisheries and Oceans Canada (DFO), Canadian Coast Guard (CCG)",Nova Institute Inc.,"Oakville, ON",Ontario,"$168,797.14*",2020-05-28
COVID-19 Challenge: Made in Canada filtration material for the manufacture of N95 respirators and surgical masks,National Research Council Canada (NRC),Roswell Downhole Technologies Inc.,"Calgary, AB",Alberta,"$70,253.00",2020-05-25
COVID-19: Compostable disposable surgical masks and compostable disposable respirators used in the Canadian healthcare system,National Research Council Canada (NRC),Roswell Downhole Technologies,"Calgary, AB",Alberta,"$196,443.00",2020-05-25
Kinetic Energy Harvesting on Marine Vessels,"Department of Fisheries and Oceans Canada (DFO), Canadian Coast Guard (CCG)",Afel Technologies Incorporated,"Calgary, AB",Alberta,"$166,276.63*",2020-05-25
COVID-19 Challenge: Made in Canada filtration material for the manufacture of N95 respirators and surgical masks,National Research Council Canada (NRC),Stedfast inc,"Granby, QC",Quebec,"$32,570.00",2020-05-19
Advanced Decision Support for First Responder Command and Control,Department of National Defence (DND),CriSys Limited,"Markham, ON",Ontario,"$225,150.24*",2020-04-29
Logistics and Resource Management of Emergency Response Assets,Department of National Defence (DND),Risk Sciences International Inc.,"Ottawa, ON",Ontario,"$225,219.17*",2020-04-09
Plastics Challenge: Improved Compostability of Bioplastics,Natural Resources Canada (NRCan),Bosk Bioproducts Inc.,"QC City, QC",Quebec,"$150,000.00",2020-03-27
Night Vision Ergonomics Enhancement,Department of National Defence (DND),Mawashi Science & Technology Inc.,"Saint-Jean-sur-Richelieu, QC",Quebec,"$229,376.34*",2020-03-10
Improving the Internet Connectivity of Canadians in Remote Locations,Shared Services Canada (SSC),iTel Networks Inc.,"Kamloops, BC",British Columbia,"$155,945.79*",2020-03-06
Platform Corrosion Detection and Prevention,Department of National Defence (DND),Biosa Technologies Ltd.,"Markham, ON",Ontario,"$183,150.96*",2020-03-06
Advanced Decision Support for First Responder Command and Control,Department of National Defence (DND),Larus Technologies Corporation,"Ottawa, ON",Ontario,"$221,820.42*",2020-03-03
Night Vision Ergonomics Enhancement,Department of National Defence (DND),Longan Vision Corp.,"Hamilton, ON",Ontario,"$225,141.52*",2020-03-03
Logistics and Resource Management of Emergency Response Assets,Department of National Defence (DND),Worldreach (Formerly AMITA Corporation),"Ottawa, ON",Ontario,"$224,220.25*",2020-02-27
Additive Manufacturing for High Performance Systems,Department of National Defence (DND),3310959 NS Ltd. (Nova Graphene Canada),"Halifax, NS",Nova Scotia,"$195,407.77*",2020-02-26
Additive Manufacturing for High Performance Systems,Department of National Defence (DND),Dyze Design,"Montreal, QC",Quebec,"$229,854.57*",2020-02-24
Machine learning to improve organ donation rates and make better matches,Health Canada (HC),Xtract Technologies Inc.,"Vancouver, BC",British Columbia,"$149,680.00",2020-02-15
Point of Care Diagnostics to combat Antimicrobial resistance,Health Canada (HC),Spartan Bioscience Inc.,"Ottawa, ON",Ontario,"$150,000.00",2020-02-15
Point of Care Diagnostics to combat Antimicrobial resistance,Health Canada (HC),Spectra Plasmonics Inc.,"Kingston, ON",Ontario,"$114,250.00",2020-02-15
Machine learning to improve organ donation rates and make better matches,Health Canada (HC),Ortho Biomed Inc.,"Vaughan, ON",Ontario,"$150,000.00",2020-02-15
Machine learning to improve organ donation rates and make better matches,Health Canada (HC),BI Expertise Inc.,"Quebec, QC",Quebec,"$145,000.00",2020-02-15
Point of Care Diagnostics to combat Antimicrobial resistance,Health Canada (HC),Galenvs Sciences Inc.,"Montreal, QC",Quebec,"$142,000.00",2020-02-15
Point of Care Diagnostics to combat Antimicrobial resistance,Health Canada (HC),Sensoreal Inc.,"Montreal, QC",Quebec,"$150,000.00",2020-02-15
Machine learning to improve organ donation rates and make better matches,Health Canada (HC),COSIOR (French only),"Boucherville, QC",Quebec,"$150,000.00",2020-02-15
Efficient Soil Sampling Techniques,Agriculture and Agri-Food Canada (AAFC),Enns Brothers Ltd,"Oak Bluff, MB",Manitoba,"$166,667.84*",2020-02-13
Efficient Soil Sampling Techniques,Agriculture and Agri-Food Canada (AAFC),Sirati and Partners Consultants Ltd,"King City, ON",Ontario,"$160,319.07*",2020-02-11
Improving the Internet Connectivity of Canadians in Remote Locations,Shared Services Canada (SSC),Advanced Interactive Canada Inc,"Burnaby, BC",British Columbia,"$157,418.76*",2020-02-07
Portable Package Auto Sampler (CSBA),Canada Border Services Agency (CBSA),Thorntech Inc,"Thornhill, ON",Ontario,"$161,270.45*",2020-02-03
Plastics Challenge: Development of Next Generation Bio-Based Foam Insulation,Natural Resources Canada (NRCan),Western Maple Bio Resources Inc.,"London, ON",Ontario,"$150,000.00",2020-02-03
Plastics Challenge: Development of Next Generation Bio-Based Foam Insulation,Natural Resources Canada (NRCan),Mecanum Inc.,"Sherbrooke, QC",Quebec,"$150,000.00",2020-02-03
Platform Corrosion Detection and Prevention,Department of National Defence (DND),Kraken Robotic Systems Inc,"St. John's, NL",Newfoundland and Labrador,"$165,600.00*",2020-01-31
Improving the Internet Connectivity of Canadians in Remote Locations,Shared Services Canada (SSC),Green PI Inc,"Caledon East, ON",Ontario,"$169,500.00*",2020-01-15
Night Vision Ergonomics Enhancement,Department of National Defence (DND),Brash Product Development Inc,"Ottawa, ON",Ontario,"$168,314.00*",2020-01-15
Preventing contraband delivery via Air and Ground,Correctional Services of Canada (CSC),9374-0587 Québec Inc,"Sherbrooke, QC",Quebec,"$172,462.50*",2020-01-10
Logistics and Resource Management of Emergency Response Assets,Department of National Defence (DND),Tacteris Systems Inc,"Calgary, AB",Alberta,"$198,495.47*",2019-12-20
Logistics and Resource Management of Emergency Response Assets,Department of National Defence (DND),Eracts (Eugene Rozumovich & Associates) Inc,"Toronto, ON",Ontario,"$222,661.98*",2019-12-20
Portable Package Auto Sampler (CSBA),Canada Border Services Agency (CBSA),2597353 ON Inc,"Waterloo, ON",Ontario,"$56,153.24*",2019-12-20
Advanced Decision Support for First Responder Command and Control,Department of National Defence (DND),Lightship Works Inc,"Kamloops, BC",British Columbia,"$205,400.00*",2019-12-13
Postal Small Packet and Package Inspection,Canada Border Services Agency (CBSA),Thorntech Inc,"Thornhill, ON",Ontario,"$163,194.10*",2019-12-13
Preventing contraband delivery via Air and Ground,Correctional Services of Canada (CSC),Drone Vision International,"Lévis, QC",Quebec,"$172,423.00*",2019-12-11
Logistics and Resource Management of Emergency Response Assets,Department of National Defence (DND),Momentaj Inc,"Richmond Hill, ON",Ontario,"$225,005.60*",2019-11-29
Advanced Decision Support for First Responder Command and Control,Department of National Defence (DND),SensorUp Inc,"Calgary, AB",Alberta,"$208,436.40*",2019-11-26
Head Up Hands Free Fire Fighting,Department of National Defence (DND),BI Expertise Inc,"QC City, QC",Quebec,"$208,436.40*",2019-11-26
Platform Corrosion Detection and Prevention,Department of National Defence (DND),Maxwellian Inc,"Montreal, QC",Quebec,"$229,938.50*",2019-11-21
Logistics and Resource Management of Emergency Response Assets,Department of National Defence (DND),8779074 CANADA CORPORATION,"Waterloo, ON",Ontario,"$225,995.58*",2019-11-20
Additive Manufacturing for High Performance Systems,Department of National Defence (DND),Nanogrande Inc,"Montreal, QC",Quebec,"$229,283.00*",2019-11-19
Life Sign Monitoring System,Correctional Services of Canada (CSC),Spectronix Inc,"Gatineau, QC",Quebec,"$172,445.25*",2019-11-14
Tracing the Steel Industry Supply Chain,"Innovation, Science and Economic Development Canada (ISED)",Mavennet Systems Inc,"Toronto, ON",Ontario,"$169,427.12*",2019-11-08
Platform Corrosion Detection and Prevention,Department of National Defence (DND),Advanced Opto-Mechanical Systems and Technologies Inc,"Mississauga, ON",Ontario,"$225,932.20*",2019-11-06
Head Up Hands Free Fire Fighting,Department of National Defence (DND),Longan Vision Corp,"Hamilton, ON",Ontario,"$216,164.77*",2019-11-04
Earth Observation Images Processing and Management System,Public Health Agency of Canada (PHAC),Terris EI (formerly 3D Planeta Inc),"Fredericton, NB",New Brunswick,"$151,329.65*",2019-10-21
Coal Mine Tailings Pond,Public Services and Procurement Canada (PSPC),BGC Engineering Inc,"Vancouver, BC",British Columbia,"$172,428.41*",2019-10-10
Detection System For Wireless Communication,Correctional Services of Canada (CSC),Detection & Interdictions Solutions Corp.,"Vancouver, BC",British Columbia,"$157,194.45*",2019-10-04
Improving Robot-Environment Interactions,National Research Council Canada (NRC),Exonetik Inc,"Sherbrooke, QC",Quebec,"$172,433.76*",2019-10-03
Mouldings of High Performance Composites Materials,National Research Council Canada (NRC),NP Aerospace (Canada) Inc,"Burlington, ON",Ontario,"$150,110.40*",2019-10-01
Earth Observation Images Processing and Management System,Public Health Agency of Canada (PHAC),Hatfield Consultants Ltd,"North Vancouver, BC",British Columbia,"$156,337.65*",2019-09-30
Head Up Hands Free Fire Fighting,Department of National Defence (DND),HumanSystems Incorporated,"Guelph, ON",Ontario,"$225,951.41*",2019-09-30
Head Up Hands Free Fire Fighting,Department of National Defence (DND),Xtract Technologies Inc.,"Vancouver, BC",British Columbia,"$157,216.50*",2019-09-27
Coal Mine Tailings Pond,Public Services and Procurement Canada (PSPC),Econse Water Purification Systems Inc,"Scarborough, ON",Quebec,"$140,081.40*",2019-09-27
Improving Robot-Environment Interactions,National Research Council Canada (NRC),Vectis Drive Inc.,"Montreal, QC",Quebec,"$172,422.26*",2019-09-26
Life Sign Monitoring System,Correctional Services of Canada (CSC),AEROSYSTEMS INTERNATIONAL INC.,"Saint-Laurent, QC",Quebec,"$172,416.51*",2019-09-24
Composite Material Manufacturing Simulation Software,National Research Council Canada (NRC),Convergent Manufacturing Technologies Inc,"Vancouver, BC",British Columbia,"$157,400.80*",2019-09-20
Coal Mine Tailings Pond,Public Services and Procurement Canada (PSPC),Terra CO2 Technologies Inc,"Vancouver, BC",British Columbia,"$128,885.60*",2019-09-17
Innovative Platform to Facilitate Evidence-informed Decision-making,Public Health Agency of Canada (PHAC),BDO Digital (formerly Lixar I.T Inc),"Ottawa, ON",Ontario,"$169,500.00*",2019-09-17
Tracing the Steel Industry Supply Chain,"Innovation, Science and Economic Development Canada (ISED)",PEER LEDGER INC,"Halifax, NS",Nova Scotia,"$169,671.00*",2019-09-10
Artificial Intelligence and Big Data Analytics for Advanced Autonomous Space Systems,Canadian Space Agency (CSA),Coanda Research and Development Corporation,"Burnaby, BC",British Columbia,"$102,693.98*",2019-09-05
Plastics Challenge: Remove and Manage Ghost Fishing Gear and Marine Debris,Department of Fisheries and Oceans Canada (DFO),Shift Environmental Technologies Ltd.,"Nanaimo, BC",British Columbia,"$95,000.00",2019-09-05
Artificial Intelligence and Big Data Analytics for Advanced Autonomous Space Systems,Canadian Space Agency (CSA),Global Spatial Technology Solutions Inc,"Ottawa, ON",Ontario,"$165,403.75*",2019-07-30
Artificial Intelligence and Big Data Analytics for Advanced Autonomous Space Systems,Canadian Space Agency (CSA),H2O Geomatics Inc.,"Waterloo, ON",Ontario,"$164,846.52*",2019-07-30
Artificial Intelligence and Big Data Analytics for Advanced Autonomous Space Systems,Canadian Space Agency (CSA),SkyWatch Space Applications Inc.,"Waterloo, ON",Ontario,"$138,510.46*",2019-07-17
Plastics Challenge: Improved Compostability of Bioplastics,Natural Resources Canada (NRCan),NEXE Innovations (formerly GCUP Technology Corporation),"Vancouver, BC",British Columbia,"$150,000.00",2019-07-15
Innovative Platform to Facilitate Evidence-informed Decision-making,Public Health Agency of Canada (PHAC),Evenset Inc,"Toronto, ON",Ontario,"$144,010.35*",2019-07-15
Innovative Platform to Facilitate Evidence-informed Decision-making,Public Health Agency of Canada (PHAC),IMRSV Data Labs Inc,"Ottawa, ON",Ontario,"$125,143.83*",2019-07-15
Scaling Down Precision Agriculture,Agriculture and Agri-Food Canada (AAFC),Troo Corporation,"Ottawa, ON",Ontario,"$150,000.00",2019-07-15
Plastics Challenge: Improved Compostability of Bioplastics,Agriculture and Agri-Food Canada (AAFC),EcoEnviro Labs Inc.,"Beaverton, ON",Ontario,"$150,000.00",2019-07-15
Scaling Down Precision Agriculture,Agriculture and Agri-Food Canada (AAFC),Expert Systems,"Saskatoon, SK",Saskatchewan,"$150,000.00",2019-07-15
Plastics Challenge: Improved Compostability of Bioplastics,Agriculture and Agri-Food Canada (AAFC),Titan Clean Energy Projects Corp.,"Craik, SK",Saskatchewan,"$150,000.00",2019-07-15
Innovative Platform to Facilitate Evidence-informed Decision-making,Public Health Agency of Canada (PHAC),Mikata Health Inc,"Calgary, AB",Alberta,"$96,893.00*",2019-07-12
Artificial Intelligence and Big Data Analytics for Advanced Autonomous Space Systems,Canadian Space Agency (CSA),Effigis Geo-Solutions,"Montreal, QC",Quebec,"$145,637.56*",2019-06-18
Plastics Challenge: Sustainable Fishing and Aquaculture Gear,Department of Fisheries and Oceans Canada (DFO),Plantee Bioplastics Inc.,"Vancouver, BC",British Columbia,"$138,000.00",2019-06-01
Plastics Challenge: Sustainable Fishing and Aquaculture Gear,Department of Fisheries and Oceans Canada (DFO),Ocean Legacy Technologies Inc.,"Delta, BC",British Columbia,"$150,000.00",2019-06-01
Electroencephalography (EEG) and Vital signs integrated existing virtual and augmented reality (VR/AR) headsets,National Research Council Canada (NRC),Myant Inc.,"Toronto, ON",Ontario,"$150,000.00",2019-06-01
Electroencephalography (EEG) and Vital signs integrated existing virtual and augmented reality (VR/AR) headsets,National Research Council Canada (NRC),Interaxon,"Toronto, ON",Ontario,"$141,000.00",2019-05-28
Haptic System,National Research Council Canada (NRC),Haply Robotics Inc.,"Montreal, QC",Quebec,"$150,000.00",2019-05-03
Haptic System,National Research Council Canada (NRC),Exonetik Inc.,"Sherbrooke, QC",Quebec,"$149,820.00",2019-05-01
"Robust ""Beyond Line of Sight"" (BLOS) Communications in Satellite-Denied Environments",Department of National Defence (DND),Columbiad Launch Services Inc.,"Kitchener, ON",Ontario,"$169,500.00*",2019-04-29
Haptic System,National Research Council Canada (NRC),Smarter Alloys Inc.,"Waterloo, ON",Ontario,"$150,000.00",2019-04-24
Plastics Challenge: Construction Waste,Environment and Climate Change Canada (ECCC),MgO Systems,"Calgary, AB",Alberta,"$112,500.00",2019-04-17
Plastics Challenge: Recycling of Glass Fiber-Reinforced Plastic,Transport Canada (TC),Jeosal Materials Research Corp,"Kingston, ON",Ontario,"$118,625.00",2019-03-29
Enhancing Pedestrian and Cyclist Road Safety,Transport Canada (TC),Brisk Synergies Tech Corp,"Waterloo, ON",Ontario,"$144,000.00",2019-03-29
Enhancing Pedestrian and Cyclist Road Safety,Transport Canada (TC),Labforge Inc,"Waterloo, ON",Ontario,"$150,000.00",2019-03-29
Plastics Challenge: Recycling of Glass Fiber-Reinforced Plastic,Transport Canada (TC),Pyrogenesis Canada Inc,"Montreal, QC",Quebec,"$150,000.00",2019-03-29
Plastics Challenge: Recycling of Glass Fiber-Reinforced Plastic,Transport Canada (TC),KWI Industries Inc,"Boisbriand, QC",Quebec,"$150,000.00",2019-03-29
Plastics Challenge: Separation of Mixed Plastics,Environment and Climate Change Canada (ECCC),Xtract Technologies Inc.,"Vancouver, BC",British Columbia,"$149,800.00",2019-03-28
Plastics Challenge: Food Packaging,Environment and Climate Change Canada (ECCC),Copol International Ltd.,"North Sydney, NS",Nova Scotia,"$150,000.00",2019-03-28
"Robust ""Beyond Line of Sight"" (BLOS) Communications in Satellite-Denied Environments",Department of National Defence (DND),Space Strategies Consulting,"Kanata, ON",Ontario,"$169,500.00*",2019-03-28
COVID-19: Recycling technologies for disposable (single-use) Personal Protective Equipment (PPE) used in healthcare sector,National Research Council Canada (NRC),GreenMantra Recycling Technologies Ltd.,"Brantford, ON",Ontario,"$300,000.00",2019-03-28
Plastics Challenge: Construction Waste,Environment and Climate Change Canada (ECCC),GreenMantra Recycling Technologies Ltd.,"Brantford, ON",Ontario,"$150,000.00",2019-03-28
Plastics Challenge: Food Packaging,Environment and Climate Change Canada (ECCC),Axipolymer Inc.,"Saint Leonard, QC",Quebec,"$150,000.00",2019-03-28
Plastics Challenge: Separation of Mixed Plastics,Environment and Climate Change Canada (ECCC),Gazoil Doux (Sweet Gazoil),"Montréal, QC",Quebec,$150 000.00,2019-03-28
Advanced Coatings and Materials for Personal Protective Ensembles,Department of National Defence (DND),Biosa Technologies Limited,"Markham, ON",Ontario,"$169,500.00*",2019-03-06
Plastics Challenge: Sustainable Fishing and Aquaculture Gear,Department of Fisheries and Oceans Canada (DFO),Goodwood Plastics Products Ltd.,"Dartmouth, NS",Nova Scotia,"$103,000.00",2019-03-01
Plastics Challenge: Sustainable Fishing and Aquaculture Gear,Department of Fisheries and Oceans Canada (DFO),Ashored Inc.,"Debert, NS",Nova Scotia,"$102,000.00",2019-03-01
Advanced Coatings and Materials for Personal Protective Ensembles,Department of National Defence (DND),Everbond Interface Technologies,"Waterloo, ON",Ontario,"$169,500.00*",2019-02-28
"Robust ""Beyond Line of Sight"" (BLOS) Communications in Satellite-Denied Environments",Department of National Defence (DND),TransEON Inc.,"Edmonton, AB",Alberta,"$157,391.70*",2019-02-08
Measurement of Cold Spray,National Research Council Canada (NRC),Telops Inc.,"Quebec, QC",Quebec,"$165,297.14*",2019-02-04
Advanced Coatings and Materials for Personal Protective Ensembles,Department of National Defence (DND),Plasmagear,"Montreal, QC",Quebec,"$172,118.03*",2019-01-22
Advanced Coatings and Materials for Personal Protective Ensembles,Department of National Defence (DND),Applied Quantum Materials Inc.,"St. Albert, AB",Alberta,"$157,164.00*",2018-12-20
Advanced Coatings and Materials for Personal Protective Ensembles,Department of National Defence (DND),PRE Labs Inc.,"Kelowna, BC",British Columbia,"$157,486.59*",2018-12-13
Engineered Surfaces,"Innovation, Science and Economic Development Canada (ISED)",e2ip technologies (GGI Solutions),"Lachine, QC",Quebec,"$150,000.00",2018-11-27
Engineered Surfaces,"Innovation, Science and Economic Development Canada (ISED)",Formi 3DP Inc.,"London, ON",Ontario,"$150,000.00",2018-10-31
3D Printing and Additive Manufacturing Metal Powder Bed Density Test Equipment,National Research Council Canada (NRC),Envisioning Labs Inc.,"Vancouver, BC",British Columbia,"$172,462.50*",2018-10-01
3D Printing and Additive Manufacturing Metal Powder Bed Density Test Equipment,National Research Council Canada (NRC),B3D Performance Inc.,"St. Hubert, QC",Quebec,"$172,462.50*",2018-09-20
3D Printing and Additive Manufacturing Metal Powder Bed Density Test Equipment,National Research Council Canada (NRC),Les Industries Sautech Inc.,"Lorraine, QC",Quebec,"$155,263.39*",2018-09-20
Connected Vehicle and Engineered Surfaces,"Innovation, Science and Economic Development Canada (ISED)",CEM Works Inc.,"Winnipeg, MB",Manitoba,"$149,000.00",2018-03-29
Connected Vehicle and Engineered Surfaces,"Innovation, Science and Economic Development Canada (ISED)",mmSense Technologies Inc.,"Waterloo, ON",Ontario,"$150,000.00",2018-03-29
